00:05,8,21709,21272,15965,10276,23779,21522,25506,20290,
00:10,8,26631,28541,30141,30118,13824,23917,17993,23476,
00:15,13,16551,27086,14358,15179,20006,21709,10895,28593,18915,21522,21313,25547,24007,
00:20,8,25562,10580,15940,14204,17643,16707,21864,16775,
00:25,16,21547,14632,30118,30178,17993,14560,30175,13824,18240,13267,27065,21939,21307,16349,10464,17631,
00:30,9,23637,28328,17654,27721,15108,20535,21444,22103,20884,
00:35,12,20642,13233,10445,20272,23476,30141,23506,21232,20753,12661,12703,12734,
00:40,14,30164,18079,20861,30106,26795,20391,18749,11887,28541,16551,28249,23572,11339,26262,
00:45,10,20642,21522,21307,25562,17114,11560,27721,26291,25108,23725,
00:50,10,12736,17643,17773,30175,18240,26264,17207,16880,23665,20541,
00:55,23,21313,10895,10700,21503,23707,26073,22001,17002,17241,20188,21797,21372,17423,20327,21437,26588,30134,17993,11734,20695,11332,12939,17401,
01:00,9,16226,14898,30189,23510,20803,18237,16995,26839,27509,
01:05,10,23506,13700,14685,23572,20642,25528,23707,27510,12951,10445,
01:10,8,10551,26795,28541,11734,28185,18762,25562,21688,
01:15,13,22054,12814,25517,18240,15026,11887,20878,27448,21559,20695,23365,10276,23725,
01:20,2,23922,27509,
01:25,6,20391,28260,23365,23501,17971,23524,
01:30,4,30043,28541,23817,17943,
01:35,4,21477,28563,20884,20819,
01:40,7,11339,26262,14477,23919,21232,20165,26043,
01:45,6,23725,15640,25517,22012,26839,11201,
01:50,6,16880,23665,11560,30118,30024,17971,
01:55,8,11333,20753,12703,17993,20695,12939,12734,23524,
02:00,6,16016,11201,11992,20932,18915,25912,
02:05,5,20219,18046,21709,17165,30105,
02:10,5,17971,15057,23648,21894,20628,
02:15,6,23819,26555,23499,21559,12011,21042,
02:20,4,21773,26427,27512,12939,
02:25,3,17643,23725,25912,
02:30,1,13413,
02:35,3,28185,11944,20753,
02:40,3,15424,22052,17631,
02:45,6,11734,11201,17401,15645,20932,21894,
02:50,4,17943,23862,22026,21372,
02:55,11,13700,20819,12734,17207,11887,18915,21199,10464,23314,23725,20120,
03:00,2,25118,11333,
03:05,7,10788,23862,17643,23919,20541,17886,30105,
03:10,1,23725,
03:15,4,20923,17207,11475,16995,
03:20,7,11585,11578,26143,22012,27509,11333,17943,
03:25,2,15107,17643,
03:30,0,
03:35,5,27263,16623,27704,23648,20904,
03:40,8,17631,26427,17829,21243,17943,21366,14098,16567,
03:45,4,21894,14477,18041,14565,
03:50,7,21243,26262,26539,25253,16566,20378,11333,
03:55,11,27648,21372,22052,23648,23862,23314,23725,20120,28572,20290,11335,
04:00,5,23919,16045,17959,15643,10788,
04:05,2,22012,22000,
04:10,4,12907,12812,25120,10276,
04:15,1,26083,
04:20,8,15902,25238,10788,15179,16692,11955,28559,11279,
04:25,4,15112,22052,18414,11585,
04:30,1,28343,
04:35,5,25597,16408,21171,26052,15643,
04:40,2,16026,11333,
04:45,8,28318,22052,26899,16715,15679,11460,17593,16995,
04:50,8,30167,15206,23725,10273,23360,26821,20904,16567,
04:55,20,10276,21688,16566,11335,20285,20210,15018,21210,17011,28567,15374,22003,28112,25160,12854,23314,10085,23455,25124,17294,
05:00,18,28595,18063,20174,15112,30196,25270,14257,14912,23409,17943,10587,26250,23862,28241,21793,17097,26979,30125,
05:05,6,26885,13593,27613,17997,12965,16995,
05:10,10,23725,21234,25053,17118,18240,16567,14358,28603,26555,20870,
05:15,16,30228,16268,28615,14896,18332,28635,28541,16028,17696,16731,21515,20342,20564,14552,25758,11653,
05:20,9,25176,20781,21506,11629,20305,14223,12826,20902,11404,
05:25,19,14103,14280,26083,18316,20610,13301,21014,15278,22085,18809,14081,17212,15996,11450,20921,17006,15502,11051,12735,
05:30,23,22052,12727,25060,15645,15553,18063,15532,13078,27098,30024,15902,27558,30004,28112,13638,15112,21184,10867,10715,25912,27132,12778,16830,
05:35,13,17148,23518,22004,15075,21541,23747,14383,21564,17292,20100,20808,13792,17294,
05:40,27,26522,16215,21419,27681,26547,16757,18005,21505,26979,18835,26570,26355,26250,21552,16161,21833,22003,20875,21517,20767,14879,26352,23416,20856,17997,15579,18166,
05:45,28,16995,28455,22067,28314,10121,17128,30010,16644,25517,28241,20715,21558,21108,28073,18915,20324,20628,20646,25397,20312,23812,13271,20207,15035,14275,12744,20865,22043,
05:50,28,21171,20904,16567,14363,15750,26515,18945,30103,26068,21370,10217,21221,27128,12908,20283,12724,27124,18893,14795,30210,21793,14402,28070,27231,30119,17097,17294,20376,
05:55,21,23314,21210,23455,25124,15902,15965,30125,16140,23506,14064,30031,21199,10006,16166,18196,25081,30153,17943,15912,13350,22032,
06:00,37,10587,27092,27016,28567,11986,28528,14100,22100,26810,17750,10211,27260,30196,25035,20161,18749,30106,17118,26253,11404,21380,15112,25633,18915,10371,27132,13112,10166,25848,27830,30127,10551,28524,11879,18956,27310,25108,
06:05,25,18712,13856,15379,10350,10271,12965,25622,17959,20026,16672,32007,16408,12826,28558,14564,17572,14896,21243,16682,17451,21688,21658,20388,22013,21831,
06:10,29,25163,23429,29506,10004,12658,15119,21241,21903,11652,22114,13473,10413,14042,20210,30223,18741,25992,10803,18774,26047,25253,25967,23455,26760,11940,23567,15753,15983,23648,
06:15,21,27727,20161,20061,14253,17422,14094,11404,26538,26755,26462,11335,16551,21358,20215,25126,28451,20825,23506,18030,25724,12881,
06:20,34,21368,14102,30241,20729,15240,20304,16260,16856,17444,15117,13078,27509,26043,28435,18210,30031,20762,21528,26821,18407,13713,10875,18305,18162,14252,21055,30151,15422,21081,17585,20376,11339,21559,20285,
06:25,24,18670,27997,25238,16059,22084,16262,14536,15944,23605,10100,25653,23366,15451,25536,22094,11139,10427,15902,28615,20359,16697,15041,23648,20819,
06:30,26,15818,29506,20904,26393,21632,28223,10816,28574,26536,26544,11208,21335,23534,14038,21493,23695,16045,16731,27252,23653,28079,18063,16659,20485,23633,22026,
06:35,26,14913,15926,26081,25653,20794,28016,20504,13082,28431,28552,25108,10099,26539,30209,10895,16261,13126,10273,28120,27085,14914,22052,13700,20461,11879,16830,
06:40,21,23520,25050,13517,28009,18737,15463,12810,21515,28222,14561,28343,23737,27493,17776,20071,17782,25861,20739,11534,17241,23819,
06:45,27,27701,25848,16230,20819,15187,26840,12733,16289,18063,28593,15026,13376,26763,25147,16349,26113,18046,18890,25035,13366,21688,30148,12915,16676,16995,17085,20342,
06:50,24,30103,15897,28524,21488,18111,12659,14960,25632,20962,15112,18956,17556,16667,16166,21658,21874,15730,16530,20120,20881,23631,21816,21153,11653,
06:55,33,12908,12724,10217,18196,25081,30153,17943,15912,13350,22032,26522,28603,14116,20819,21293,20305,14848,21473,13587,21773,16084,21416,17073,10166,27830,20713,21218,13252,13902,26576,11139,21335,11940,
07:00,30,10551,20034,11955,30045,15199,15025,20751,27984,21214,26534,16749,26745,27169,13154,21122,25849,23309,15538,16238,10467,16937,12756,12707,21239,17773,10939,16692,14110,26203,15611,
07:05,22,21363,14932,15530,21688,20809,21717,15509,15532,30031,27503,13766,15026,25118,23861,14102,10350,20822,26814,22080,20966,16773,11606,
07:10,28,27978,15441,25055,11447,13411,20280,26773,30241,17593,16692,13388,16725,10035,11884,21001,15111,27534,18966,20217,17551,16059,17943,14635,22044,26724,17241,10276,23455,
07:15,24,25381,15942,25619,30214,13652,13417,17294,26860,26698,28318,10881,28626,30162,23416,25921,14139,10914,12923,16676,12861,11940,22012,30119,10273,
07:20,20,14110,18921,26253,30163,13222,21461,18867,14246,22115,15370,27792,23427,16705,28552,17997,20380,30233,17757,20619,20610,
07:25,18,14215,13821,17067,10648,15095,17039,26332,13410,28314,12959,20958,23526,17609,15952,18057,20236,17878,23520,
07:30,19,26790,17241,12939,13648,10939,15845,18741,10636,27946,12714,25567,20268,16978,25874,26203,21298,16532,21570,20753,
07:35,18,14890,26250,15123,13281,14866,23329,15872,14123,15611,26885,00255,21450,23534,11537,20005,21658,20904,21335,
07:40,22,23819,12947,21316,23501,14446,26821,23514,16721,30162,30025,16268,10724,22018,16267,10273,21634,13140,25147,20584,16215,16161,21493,
07:45,25,20342,15424,15937,20016,12948,22002,20699,17970,28630,10211,23861,18785,28646,15965,11038,18166,13126,30153,15579,30201,20255,21873,10151,16747,20865,
07:50,18,12659,17556,26402,25758,12737,12846,10056,18316,25077,30180,13638,28080,18041,10788,20737,23305,09040,21701,
07:55,23,16667,21488,11139,21416,18063,21473,21335,11940,16263,12777,26556,23742,25766,20730,14079,15919,21233,14123,16705,20037,15698,21815,23455,
08:00,30,16971,25071,15374,16253,16065,14455,25775,16743,21234,10594,15592,15250,12925,21319,21153,13234,13203,26497,15598,16943,26539,27670,15039,27098,15017,26321,16374,28271,16331,10149,
08:05,13,22032,20148,20127,21458,25666,26890,28607,10859,18301,17902,30153,20118,12000,
08:10,22,28431,15018,15183,26711,21478,27351,26084,25875,12712,26980,13223,25053,22039,11958,22003,18338,23648,27830,11940,10422,20809,22002,
08:15,20,16302,16852,20610,25906,13748,25357,14695,15958,28314,27213,25223,21188,20382,27670,16943,10458,21153,20120,17118,28593,
08:20,19,30239,15679,20963,28645,16131,16410,26220,27014,10829,14153,26559,17031,29507,16370,25758,25146,17750,23742,21243,
08:25,16,26583,15742,20498,22114,21483,23331,20506,10365,10149,15216,10277,18775,13576,23455,11447,23819,
08:30,18,28111,20272,28602,14883,16331,21717,12910,20173,14125,25099,14103,23607,20639,16668,10195,23422,20753,18041,
08:35,20,16268,26321,11630,20086,27388,25107,17369,26497,18208,27500,20710,13078,28289,18659,15573,21429,11589,17167,22026,20932,
08:40,23,20766,30028,11596,13556,26751,21735,13151,12760,30107,20782,18825,28271,18712,25621,13763,30049,17696,22000,27747,13441,20016,16566,23891,
08:45,22,16747,20865,27681,20032,15103,28582,18042,20790,25357,28033,15456,17038,15598,21153,17083,23809,11534,11045,18210,23409,20704,17035,
08:50,23,20255,21701,25580,17286,14733,27494,27397,27978,14791,18706,20877,13102,20304,10828,14426,11484,27759,20639,17847,11051,14653,20668,20902,
08:55,39,28080,23526,23305,11653,18005,20037,30106,18111,17776,12846,21815,23520,20210,23455,13234,22072,27225,21841,12746,10317,18723,21944,15736,16374,23819,27098,27172,26547,15680,13203,20504,10359,20381,16682,21102,20285,12907,17011,21171,
09:00,47,21429,25906,14123,28314,27501,21462,15663,27982,20071,26589,28115,13248,21943,28396,20892,18365,17378,17223,20696,21831,20389,25625,21153,16715,22012,23919,21360,26895,12770,27244,14345,14923,27414,16166,16230,22067,15944,21549,26591,16123,30124,28537,25228,30210,26125,16329,21979,
09:05,22,21309,10458,12712,25147,21758,17505,23891,15050,15044,27637,21688,25093,27118,18020,26114,17137,11339,20865,20819,20360,11051,30106,
09:10,21,18334,28121,26409,13421,16319,21290,25829,27555,20043,28537,30045,15371,16329,21383,21823,20103,17917,16865,11549,23919,10273,
09:15,23,22043,15844,26563,26340,17418,18757,23774,28325,21663,25618,18657,16081,30043,26125,22076,21156,12685,14109,15199,30143,15218,11107,18208,
09:20,22,18214,20153,26520,21346,27821,25228,20902,17669,20541,23868,20940,21011,15127,14038,26482,21683,11051,21657,23920,17752,10092,23455,
09:25,24,11961,15480,18714,27337,27254,21979,15240,30210,21559,26930,16858,18755,14134,21400,21153,27285,16261,25625,26658,26091,23307,23884,11940,30119,
09:30,21,28593,23737,25110,28561,25156,30196,30025,26572,15042,20726,20263,25614,22032,28459,20639,13421,27296,18090,21075,18005,22089,
09:35,34,14402,26020,16531,11492,20325,16995,28338,21367,26591,14629,27253,20379,28356,26438,26840,16984,20154,18728,20610,17029,15412,12756,16410,16123,14573,12770,10092,17829,12850,20902,27170,20715,22067,20342,
09:40,34,23891,28018,23420,25060,21547,21360,18419,15214,16059,21549,27136,21679,26487,26786,10374,30017,20460,10700,13637,27093,11454,10425,18657,15026,15400,13864,20847,17631,28328,14795,18057,21011,23742,18063,
09:45,21,17035,27065,25206,26772,10741,14957,27590,30203,16166,10095,14939,30124,15382,15108,13521,15338,18005,21153,15944,20715,11549,
09:50,43,18236,17200,14345,16161,21130,21784,21709,15992,27414,26895,20167,15345,28338,20120,25357,28249,26103,11961,20005,17242,15911,21317,17959,14309,16230,25784,22077,14919,14949,27244,25906,30148,22035,22088,11637,22026,21347,22017,11045,20809,22012,23829,21055,
09:55,35,23409,10828,20790,20639,11534,18208,16682,11484,21102,18778,26351,15837,10132,15944,25038,21998,15530,12952,28639,22067,25842,16648,14923,23813,20212,11936,27416,17298,21416,14653,27169,21587,20026,17067,17422,
10:00,47,15965,23459,18776,15558,30186,23349,10866,27366,26052,20364,26026,27245,30154,21299,26312,28619,28343,25972,15643,14109,15579,14450,26322,17290,21600,21597,17487,20210,21691,10225,20002,17025,26127,14956,28249,18915,21875,14646,28615,25090,11449,16401,21122,14932,12856,12758,16150,
10:05,12,13132,13891,21374,26238,15661,12894,16041,16715,18785,20120,17110,23438,
10:10,20,25253,20966,14414,17971,22118,21397,28354,10097,17165,28343,21162,26788,28318,27136,21559,27158,17011,20650,20290,21358,
10:15,29,21547,21422,10622,15534,15662,26839,13344,13404,17118,10890,23352,10271,16002,13066,21663,13279,18841,25090,27500,27223,16150,30190,14491,20285,23755,28609,17776,23861,12714,
10:20,25,26171,16923,21874,21743,27388,12811,21691,27263,20254,13818,13593,21478,23771,16740,28243,18167,23910,10092,17347,17444,23455,23891,22005,17669,20790,
10:25,31,26787,27231,23313,21820,13965,18891,16731,14376,20902,25607,14368,27216,18777,25750,20015,14102,26749,11133,20085,20191,27557,21879,17025,20640,22072,11955,20639,28318,23314,18046,20304,
10:30,29,26000,28638,28185,11680,13838,27709,15912,11940,25912,26127,27136,25967,26788,17103,15066,13156,20290,25081,20610,18417,27632,30220,17188,11404,25713,21610,23742,11139,12000,
10:35,25,15278,20358,25906,14371,14157,27977,23883,20569,10867,18835,26663,13301,11449,28249,28434,15078,21880,18956,21347,23520,17273,23595,21335,21493,21122,
10:40,28,21011,26425,14480,30016,20730,26979,17684,14483,21382,30024,17103,14956,25675,26164,25632,16715,18749,25825,16514,14047,20002,15569,10567,20629,16667,10894,22012,22005,
10:45,16,11879,16732,25160,17128,21356,27588,14052,20219,20381,25908,23725,17423,18431,27002,23544,23891,
10:50,49,18005,30148,18057,22035,22088,11637,22026,22017,11045,20809,23829,10121,20813,10842,15481,28033,14968,12904,14957,27181,14646,28241,13494,30119,17872,21360,11666,23356,13196,23671,21906,21379,13381,26652,14134,21713,11701,11765,18032,11123,20043,11447,22070,11279,12669,16725,17757,23861,30233,
10:55,53,23813,23737,21153,22089,21679,11936,21317,27416,22077,23455,17298,20167,23420,27169,20847,21587,17242,20026,14461,10477,20715,16897,16161,17011,18834,15940,21875,16401,20161,16747,14932,15899,28445,12758,10225,18835,16873,13593,18739,12856,22067,18417,28615,12702,22062,20694,17776,17943,22043,12939,12947,30124,21422,
11:00,38,10859,23819,16630,18774,16319,13436,15921,25397,16253,12686,28645,12889,26944,10277,18010,26661,10080,26507,16834,16565,20881,12714,17684,23427,20016,20699,22002,23868,16963,18847,14159,26897,28283,27167,15818,20584,26268,28016,
11:05,24,20323,10301,30140,21903,11534,22050,15972,14795,10217,10674,18863,10464,17437,14383,23895,26637,16027,10939,10466,17757,13764,20342,23329,12737,
11:10,25,15538,18773,14960,23656,16140,27045,25399,14064,15912,30106,10436,27493,11867,14159,10715,13169,10061,20678,13108,16732,22085,23405,18111,10056,12000,
11:15,29,15846,26810,27401,28016,15818,11984,28073,28012,17038,26732,16328,26880,13766,12960,15728,17025,28598,20987,16065,12939,15216,25357,26268,21120,21316,20584,18041,16971,21233,
11:20,23,10217,15938,30010,30127,13071,21477,20071,27704,17726,20830,27551,23760,18057,13112,10258,18970,27362,28451,21437,20382,26600,20806,16549,
11:25,15,15481,12702,27332,28638,25643,22045,27195,18021,20120,18063,14869,20304,25099,17829,11958,
11:30,13,15119,11174,14416,10899,28581,28249,25160,16084,27543,15530,15241,18041,23819,
11:35,21,14515,14066,13766,13617,23326,20584,25517,16715,17011,14960,30042,11447,27492,15058,30115,26180,21130,23387,12887,17437,23550,
11:40,22,21011,22005,30012,16672,26897,30031,25960,23920,21493,25906,15232,13132,10308,17179,16289,27419,13199,16963,17171,23919,26459,28309,
11:45,22,20569,12962,20019,30190,16549,16251,20164,25961,13388,21444,20958,20312,26683,14543,20508,11889,13700,20809,12871,12925,12000,23526,
11:50,24,23725,11447,16725,23861,25035,27509,15036,27783,26788,15481,18172,10350,27751,14476,21171,28283,11991,23329,26860,11711,11296,25703,23771,12960,
11:55,35,12770,22072,17423,23520,28079,20790,11549,11666,11404,25724,10894,22062,20694,16732,17776,22043,30148,21422,28333,17246,17593,18060,18783,21547,18007,23638,25055,14461,17034,28647,21234,13524,18847,27388,16943,
12:00,40,21185,13457,15969,23429,10172,20924,30029,23656,21903,30195,30244,15110,26786,13642,12902,25877,30159,25679,25921,25758,26863,20158,13262,12887,20291,27136,18407,25067,26181,27013,14094,18785,28535,27982,21738,14482,18042,27649,15673,13812,
12:05,12,12889,28379,21234,14246,13554,10149,17726,23526,12000,23755,20782,10464,
12:10,18,18046,15698,18921,16241,17727,28633,10276,14103,25758,26866,15926,20256,21797,17331,12859,23427,20830,20987,
12:15,15,25960,25060,28535,28073,27036,20100,18002,20378,12943,17696,13410,15952,12836,21816,23656,
12:20,18,20290,30001,18660,11495,27756,13696,16905,13661,14791,14915,17241,25800,27982,20678,23657,17449,21108,21880,
12:25,21,20382,11492,27978,18728,21335,25585,26410,20324,17414,21096,20142,23569,11350,16863,20778,20521,20558,20027,23607,10365,20086,
12:30,24,18091,14111,30163,28633,21360,17141,30222,17757,20958,13255,14880,26181,27794,15049,14482,10648,17361,18057,21942,25828,11630,20830,17083,11404,
12:35,23,13661,10731,27649,18336,26447,12939,21313,15537,27729,14210,15611,13406,22002,20545,17067,18407,28343,17465,26572,20747,17226,15617,16732,
12:40,23,11174,14109,23464,21142,21738,26004,27648,21634,25067,25906,11955,30045,18042,21464,11327,16298,11889,23329,20766,17286,23742,17128,21944,
12:45,29,23526,15698,30106,13619,15952,13433,15673,27543,23741,11315,10867,26095,13642,20726,23403,14960,15931,16267,14094,17193,15435,12892,21316,20856,23313,20892,23648,20963,22050,
12:50,31,13437,13252,21162,20312,12960,23314,20291,27564,18921,27538,10035,30133,27038,20850,14561,10236,11540,13347,14215,26206,23861,25758,10358,20830,14473,20790,11511,17223,20304,20865,17418,
12:55,26,17246,11991,16549,17872,11453,21295,17120,15919,16884,30032,21979,15307,10977,20235,23348,10044,20805,28605,21502,13599,21248,20733,18020,10092,22005,20323,
13:00,47,15025,26143,10449,17135,21506,14064,10004,17798,15111,26253,13695,18218,15424,17362,12737,26911,20699,17465,23341,12704,26890,20561,14412,21200,20696,17505,17378,25344,12861,18231,20101,20558,21309,13648,21011,13415,28445,26380,18828,25069,27512,18856,27945,17654,26579,30111,14380,
13:05,20,30153,21103,23612,16016,20892,20937,20963,26986,21558,14079,20715,10056,21056,11339,21758,20987,16873,22043,21185,23409,
13:10,17,26236,26556,10671,20074,17241,16065,30116,10829,13752,17184,11549,14380,11045,21383,12685,23742,17669,
13:15,27,23508,15250,14798,27512,15592,15942,11580,16690,21799,18888,11940,11895,17081,21665,18041,25055,26405,13579,20865,17418,16856,17135,20613,17082,20504,17752,10894,
13:20,20,27783,21417,27539,15179,20024,30242,20094,21500,28180,23572,25036,30029,25490,17118,10299,17730,17402,21011,21162,20212,
13:25,27,17858,11958,20552,26192,14486,17943,21764,20809,25641,27529,11447,23526,23637,16130,10881,18905,20939,21287,28591,17604,11339,22005,23656,12702,23868,20892,20937,
13:30,29,20458,16867,25526,15264,15225,27065,27770,30113,12861,13421,15406,30164,27014,27147,28318,13238,17071,20504,20381,15332,20647,16578,23731,20173,22078,20558,18208,22070,21382,
13:35,19,21140,28580,13388,25775,13169,20263,20914,28356,21378,13902,23796,15719,26220,21320,11961,11404,22072,23420,11955,
13:40,26,28445,18923,26583,21733,12880,26579,10409,26837,15421,18417,15300,21493,20101,11452,23328,25893,28524,27964,26899,27945,10425,20847,21764,20312,23307,21367,
13:45,32,12000,23648,20963,22050,13638,26316,30236,25657,28079,21643,15250,30173,18231,26019,20460,28194,21271,30028,16995,13383,16514,17042,12756,26380,10894,17654,20154,17378,23595,21102,10092,17669,
13:50,27,11511,20304,27000,23534,26416,30127,26457,20017,28247,28295,27445,15944,12657,18828,17696,27142,13244,18957,25344,26751,20521,27946,16984,21317,10061,22077,20167,
13:55,50,30133,11540,16884,17120,15307,20726,10236,20805,10149,21313,30106,11315,21295,23550,21233,21248,28638,20733,20323,13576,16200,25545,25069,15068,30111,13326,11404,15611,21370,26940,18856,17113,10425,25586,16002,18903,13415,17834,18338,26638,27781,16826,10288,21308,13140,27021,23526,23737,30154,21299,
14:00,44,30184,18018,26402,17465,17228,15398,15218,18077,21232,21397,21850,26623,13725,22114,16045,21367,22002,17427,22080,21831,23595,11689,17249,17669,21162,17242,17290,13726,26762,27783,15841,26030,13920,13252,28566,30024,21422,17073,21634,21382,16345,27014,14285,14230,
14:05,26,14247,21401,20905,15037,11961,23501,20832,26527,20478,25921,16331,15665,25704,21360,17888,21874,28637,17757,30196,20578,15023,10187,21102,20325,17971,16995,
14:10,22,25682,11549,15119,14795,30228,14134,16834,23607,29507,13661,28455,21621,22070,12842,15123,26924,20572,20830,16923,17829,23771,23429,
14:15,33,20939,26077,16710,14441,26335,27014,18773,11946,20160,26531,27708,26321,25708,28472,14941,10365,21482,13614,23518,16260,20646,20230,26561,23755,10465,21422,11940,20847,23420,20290,21679,10894,23544,
14:20,38,30012,21025,26373,30199,18775,13726,13803,14153,20555,17667,15354,23409,27783,11630,12950,25429,15278,17701,28356,21237,10374,15120,17293,16535,15234,15470,20398,11485,17971,10755,21299,21382,21820,11133,16740,17684,12960,16732,
14:25,34,27838,18921,16835,15952,30180,18879,14110,20325,27102,14285,21634,11506,13763,18908,15145,23391,22055,20963,30024,15569,28566,16995,18025,26556,30027,28526,11666,17188,20212,20219,23356,17423,11879,21906,
14:30,31,21122,17828,12685,18953,17776,15199,18757,18020,16528,17899,25675,12947,18057,15770,26720,20005,13526,27732,17829,23771,18046,15259,23365,11560,17021,23550,30203,18160,12904,21130,12758,
14:35,21,15940,17863,30045,18334,17118,14656,15085,30028,28437,17911,26982,13797,15805,14465,18893,21643,15345,22078,10779,28432,20678,
14:40,29,14040,27002,21559,26117,15722,23544,16033,10754,10092,15050,10217,25620,21911,14251,28328,10273,30188,21127,11630,21001,15310,27543,18941,21820,11646,21162,11940,12894,20002,
14:45,33,20312,11955,20154,17378,23595,21102,17669,21979,18005,16389,25093,26125,20943,13499,27609,25048,26536,20320,17073,14449,22067,23349,17744,13252,16030,25821,21784,22043,22062,20323,17971,23819,21379,
14:50,33,15598,21758,10061,25895,10149,25663,30250,15309,25710,16655,17218,15841,14866,25873,16345,27735,27388,28593,21125,11509,21875,13891,12914,22118,12685,10477,20569,22050,17437,23895,23771,10464,23405,
14:55,41,20937,10671,11339,15736,16826,11404,16834,11350,10288,27098,17286,18208,12756,21308,13140,28396,26940,27021,17113,23526,22070,25868,26630,11558,13920,26030,21400,14446,14230,26225,26792,30108,13462,26762,27254,23886,25103,13056,20552,16747,20160,
15:00,52,13138,25575,28422,17773,21513,10365,15120,26922,21248,23552,17650,28438,27409,11276,17819,23606,11208,27959,21162,20012,21880,20987,28604,21130,21171,22005,17948,27469,26248,20830,27088,27380,13648,16239,18426,28365,28192,17872,26271,26760,14202,25560,18784,18172,14310,27226,14463,30118,28607,16690,30159,15698,
15:05,17,17286,27404,28647,18208,17971,20263,20584,20171,27500,14103,14538,28061,17752,23868,23910,10301,20914,
15:10,34,16070,30148,13437,21879,14927,20571,15573,20913,20143,18338,30031,11620,17014,27259,27293,17378,28192,20865,17964,30196,15293,27985,28032,11961,26186,28426,27287,20742,17298,16649,16873,21068,23760,21875,
15:15,33,30004,30215,16655,27469,14121,14629,30118,16123,15250,21477,09059,27093,28029,12960,17948,14134,13078,10895,16715,13013,10029,11404,21300,20633,11174,12887,20830,16834,18046,23326,12871,23919,12902,
15:20,35,23307,18778,11694,16567,28607,21880,13263,14653,27482,20963,30177,30153,18865,15455,21572,26312,22090,27505,24024,27380,30163,23390,16441,20691,23608,20053,22077,10061,13597,17179,16672,20164,20850,21130,16528,
15:25,30,14405,30025,20725,26922,17180,26402,23833,20102,10139,23844,13383,27601,28632,15376,16313,21148,20388,25003,21569,10099,21909,23760,20158,18172,21185,21444,20678,23638,23405,30115,
15:30,26,18016,18847,14414,21753,20498,25069,26794,21875,15299,13862,26572,17422,17974,20021,23910,27242,17872,26867,15086,16873,11991,17331,26127,11711,21171,22055,
15:35,21,20312,27462,11082,18918,14565,14463,25842,20914,27135,20304,14110,10308,11620,21615,28310,23429,12943,10172,30159,11495,17696,
15:40,35,11940,12894,12685,23329,11521,16150,28604,11534,26539,23326,13623,14426,23910,16239,21526,27145,27368,25997,28475,22005,26226,30210,18757,17834,25560,20552,30188,20875,20742,21011,30133,21797,11492,17141,21903,
15:45,43,21162,22062,17971,23819,21379,25679,30012,13818,20555,21733,17961,30045,16690,14202,11011,30103,16762,18100,23683,23742,14414,13856,20686,18941,23857,14939,28087,25001,11540,18656,25870,20180,13648,30123,30032,11734,27226,23638,17539,20778,11350,20290,18231,
15:50,40,17465,22118,12685,10477,20569,22050,17437,23771,16835,26271,16861,17209,25137,11174,18409,26822,16927,18426,11583,13735,26128,22070,15028,16035,18208,17195,10351,20893,16917,26141,21279,13713,27762,16052,18930,14080,25912,27012,21816,14109,
15:55,48,21875,18025,11133,18776,23886,21232,21122,18005,17828,12758,10755,16740,20320,13056,20552,16747,20160,17810,23737,15776,26873,28365,30154,26220,13344,13495,14450,25914,14054,17083,27396,20460,25784,27088,26307,26760,14560,30220,18196,18233,21901,21096,20914,28300,23656,17241,20074,17246,
16:00,59,27030,28269,10448,28632,20247,11821,16150,21841,27727,12666,28151,20762,10567,14147,13762,20315,20534,18774,20173,30173,11972,21978,28223,23826,23569,20032,11984,11296,11327,17249,30248,28644,18773,28249,26114,21317,18703,14080,28346,26233,26839,30113,25597,25116,17120,28172,13490,16404,25147,14566,16989,15160,15538,13075,13013,10236,28562,18708,17182,
16:05,30,13123,13078,20050,20541,30018,11350,12747,18777,21452,20209,10372,15952,16734,15425,26930,20254,25842,18775,18344,17418,21753,27501,20126,21346,17448,21210,11955,21313,20924,23403,
16:10,30,22043,13503,26796,11045,25675,14635,30215,18077,18965,15780,26048,21361,28070,21758,27588,11203,21001,21368,20019,20219,14121,25906,17338,15439,20378,26619,20017,11315,23741,12947,
16:15,32,26481,20323,21292,15112,26511,13521,22052,15088,25992,14123,20275,17423,12939,10321,23420,25028,23550,12787,28346,26306,17021,14043,17164,11208,15795,12833,21142,21295,23861,18002,10236,17120,
16:20,31,28033,13490,21416,20830,18952,25848,25842,27588,12899,20569,28222,20938,23405,17090,23464,10296,11834,20921,12861,20116,20916,23863,11940,16884,23314,20850,18218,23612,23341,23348,20235,
16:25,38,25357,15160,28249,14566,28562,20567,15029,21361,15538,25034,25701,20309,15569,21427,23660,27092,14121,18656,16193,13075,16549,26927,21554,25541,18773,20982,14869,30248,22070,30106,11447,23508,21799,11955,20074,12704,30133,17402,
16:30,27,27195,11315,28012,21548,13267,21819,11339,20844,18374,10464,21808,30228,11174,21422,27691,11704,20155,31003,28221,27045,15730,11895,25116,17246,10449,23534,23637,
16:35,29,28527,20188,18836,20115,18656,30201,23883,15872,18847,21769,30188,18833,23797,14416,15707,18002,11109,18703,27244,14080,20914,12722,22000,15484,23572,20024,30113,11580,17071,
16:40,26,18766,16123,27332,28029,15790,28309,15896,16692,15241,16251,14564,28191,25956,21856,26114,28032,20909,20836,28222,20545,20726,11895,20053,17195,16867,20381,
16:45,30,11350,18231,26780,28562,27509,25703,23326,17845,18237,21532,11876,28439,13494,25147,14322,26000,18698,14121,27937,11495,11447,21335,20963,30164,23569,30116,18005,23464,11452,17654,
16:50,26,17744,17961,21444,11348,11699,28644,26550,26082,14333,26713,21275,10095,13521,21301,13023,13821,17182,26313,11214,28313,17353,26648,20160,20101,11580,20017,
16:55,49,21120,17083,11879,18208,16835,11991,14109,20893,17128,18196,18233,10939,11534,17810,28016,20914,28300,27401,23656,12960,20320,30210,21688,16404,21907,21753,21185,21317,17160,21798,26164,10890,27718,26837,28049,14561,22089,17048,25597,26839,13344,28615,17943,16725,28322,28343,16867,23391,16655,
17:00,21,16989,20932,18306,16298,23799,12787,18963,26483,14121,12702,26125,26751,17101,27939,23520,30156,21316,21232,21142,17249,11315,
17:05,22,27022,30173,21453,15969,28637,15048,28431,14383,23448,20150,15110,26637,17654,18005,11404,23913,28263,11885,18231,11453,22000,17911,
17:10,19,23638,21694,16701,27362,21816,10095,14377,17223,20305,26286,30001,21096,25849,16639,10288,17427,23861,20578,22055,
17:15,27,15371,10358,16327,15107,17209,11895,21672,10866,10121,14557,12956,15684,28032,14074,25560,10977,18815,26459,22026,25922,24024,13876,25834,15218,14514,26187,20762,
17:20,27,15056,17572,23819,14358,14729,26714,21307,15444,14264,23586,11622,21189,26230,25751,27978,28242,10894,18865,21691,20504,20423,20478,26498,23420,11940,20552,22002,
17:25,25,16881,15250,15279,28361,25589,17423,27202,16070,26460,21906,26225,10095,12787,16302,25750,27493,15107,27095,13013,10755,16578,20398,12947,20937,20914,
17:30,30,21271,30127,15563,11350,26486,13196,20717,17261,21096,30115,14177,14795,10187,26715,26652,26748,25055,23508,17560,20282,30175,21662,13734,23534,21306,17082,16514,17701,10425,21320,
17:35,24,14749,15530,21444,18888,28226,15057,28343,11630,13509,28192,25393,16189,15154,21979,10099,26977,21309,27255,23841,24010,16535,17667,16655,21122,
17:40,42,20053,17195,26823,27539,25118,25676,30119,20907,23703,14963,21162,21482,14795,11940,10064,20305,25545,25027,18807,18428,28608,11618,23741,27839,16623,22032,28032,21239,20847,26572,17864,18783,11868,23526,10030,25738,20804,17828,17863,16710,18025,18057,
17:45,38,20963,23569,30116,23464,26591,14105,14486,11961,13536,27147,23595,18658,25682,23485,20416,16059,20778,22093,16578,23760,10705,25842,26312,17298,10374,26583,28016,10972,27429,21295,10783,21541,26788,16767,17911,18046,20742,17414,
17:50,37,10095,20254,17241,11834,11580,20017,10814,20064,10237,28034,26721,25775,15400,21745,26936,15984,16271,26571,28626,13169,21849,15253,23919,16738,22078,16573,17242,14098,28278,21482,13334,20228,20966,21363,17899,20320,17744,
17:55,42,17943,23612,30106,23572,23534,11876,17090,23737,12722,21500,21797,16725,28343,14482,12704,16867,11278,30159,10731,15258,21783,17985,14450,25657,23818,27245,27981,20221,18703,11879,25728,13435,25597,27445,16583,15029,25619,24010,17073,18100,16989,11404,
18:00,52,20122,16594,17828,15719,13066,21643,15189,23375,28032,15086,27710,26889,16194,18917,21282,16081,26900,28219,30247,16701,13669,27753,11885,11997,16710,10273,11506,12914,17773,28645,30186,17650,20107,21803,20742,13356,30113,25828,18945,25562,17305,15039,20584,20475,18924,26820,26095,20691,18770,14178,13521,26567,
18:05,23,18237,25055,10149,11957,12904,25099,21541,23341,25165,23867,25557,11878,11652,30164,17190,22067,23552,21125,22055,20012,11946,11558,20865,
18:10,39,21803,25490,14729,23534,26750,18722,28032,20657,25107,13383,10464,30010,25071,17583,10755,14503,18714,15356,30203,28034,10217,26519,21121,11961,28333,21210,14446,10899,21561,26268,18100,11618,17378,30148,21477,20171,20913,17828,17964,
18:15,14,30186,13524,16510,16157,10330,11534,20032,27107,26696,26095,16583,20571,17086,20107,
18:20,28,18924,30113,17424,16251,23508,23665,22080,20158,15926,21670,21724,11009,17776,11680,13356,10895,16672,10264,28013,12680,18945,16747,16715,20742,10365,20584,18016,21452,
18:25,31,13521,18785,20290,13188,20650,20474,27468,17430,21068,17872,21142,23650,22001,15352,16369,11620,21797,20984,10755,14125,15150,28557,18025,16790,20862,20388,11885,20053,17422,17974,30123,
18:30,27,26217,13254,13020,10567,14969,27065,13643,21753,18770,20963,15844,26026,17039,25641,12783,15241,10358,17828,11208,14127,17028,20691,18208,23329,20021,30103,23742,
18:35,22,26143,27287,22063,15036,18412,25484,25511,23650,14121,26362,25703,15964,26252,20832,26615,20584,23833,18100,18005,17180,10351,11957,
18:40,20,16710,18350,25679,27214,18672,26217,27149,12702,27427,18010,14107,20437,13910,20102,20893,21307,20686,23844,20571,20916,
18:45,38,17414,25893,13263,27648,20053,11439,26661,21540,25562,14178,26373,22111,20475,30012,30130,21444,15184,13661,10939,16923,16729,13556,18888,20578,21403,21493,18000,11521,16736,11885,15112,21011,17961,21361,30220,20304,17948,10755,
18:50,32,15110,21363,15253,17899,20381,23741,26527,10698,27567,20098,14446,11208,15969,27681,32010,15225,23385,16123,14508,10977,17422,27402,28033,28645,26771,18703,15643,10443,21844,30148,18233,23390,
18:55,90,15123,15023,21444,11278,16327,28566,25704,13415,20150,20160,27708,14963,21745,21122,30024,25597,13726,27781,15145,17249,20423,30115,25906,30180,13526,17701,26572,27445,28034,16535,20101,20832,25036,26579,20478,13509,13238,30159,16583,17572,21906,17298,18005,21401,23595,16738,16623,22078,23841,23485,15611,27022,17423,20914,21320,17654,17261,16989,11404,10092,14260,25828,23569,18218,28432,25864,14215,22002,26745,15398,15039,21798,26820,21559,16150,16313,20766,27512,22039,25767,12726,17305,26798,13400,13478,11957,23742,16917,21148,12722,
19:00,51,27167,23861,24024,21185,18929,16873,16045,20021,23427,14956,20102,27669,10671,17730,20155,21772,10755,23892,21679,17961,21572,17418,20126,15270,13700,10969,11834,11339,28641,30141,20830,25448,28605,25102,28537,13285,10715,28095,26773,13696,27924,15719,20617,13574,14461,13766,26147,26568,20932,21416,15057,
19:05,25,25601,24010,26272,15110,23526,27529,21820,25036,20987,26256,10625,14884,14880,20970,21232,26308,20762,18196,17083,18208,10372,20315,12747,21452,22043,
19:10,36,11349,25585,30147,17249,21171,12894,30015,21743,25803,16230,28185,15729,28194,13818,13766,28444,26292,14040,14795,22103,15101,21225,10170,28630,15057,28574,18233,28079,20369,27109,10351,22052,18077,20290,20019,11203,
19:15,29,28545,21365,14064,11991,18353,27322,20265,20933,15719,26291,28638,23419,28057,20212,10436,25183,23867,20924,13285,13763,20564,23349,10457,21758,11082,11834,11045,20893,21427,
19:20,30,23464,30028,25429,28371,17828,23430,11894,18373,26773,16578,12932,23318,21127,11818,21903,22012,27649,15640,21906,25161,26638,15111,17667,21572,10372,17974,20209,20275,11339,20188,
19:25,30,27558,25160,15025,17964,18879,25448,26330,21225,26147,15184,17651,23862,13726,27013,15270,23403,13421,15942,10350,22009,13752,20951,23333,21383,18218,21422,21416,21808,18100,16917,
19:30,36,15029,21379,25203,21015,14452,10080,10704,14387,12661,28641,15205,13413,30030,17171,26568,13700,17576,10641,28110,28589,28594,14461,25704,23341,21552,11447,13593,13330,10321,11734,20290,22000,17021,17182,20541,11348,
19:35,30,18815,25885,26866,23314,20913,26556,25102,27669,21830,27700,11853,21758,27708,20893,11045,20210,20709,17090,21760,11926,15565,20460,11704,16725,17195,20932,17160,21901,12722,26930,
19:40,32,11957,20571,28601,20527,13158,27952,25906,27187,21842,23612,13587,10057,14380,20064,15123,16065,14931,21486,30140,17912,18837,18886,15736,21144,21416,20766,20943,16989,23799,17828,22089,11876,
19:45,45,20686,21011,21361,30220,10755,13574,21799,21816,11593,17829,18785,15843,20830,22013,20478,27257,15902,17342,23534,21238,30163,20617,13661,17960,13652,11350,28639,25859,20913,10715,11984,13263,13128,11452,13696,21305,13478,18887,22000,11699,31003,10894,23841,11404,21316,
19:50,39,21307,16729,24010,20098,30148,23390,14040,14585,25374,21522,23741,14932,14041,28605,20012,18194,27420,13797,28095,18100,11288,20272,14498,30130,21493,10153,13108,14960,23389,10458,12939,23448,21688,17048,20275,12956,17845,21453,11203,
19:55,42,22002,11620,23833,23552,12726,11534,21798,23508,18237,20221,17872,23818,11208,12914,11957,28192,23742,20388,16917,21148,21569,30141,25103,21944,10301,27924,17311,26164,17160,11558,27522,30025,13138,21243,30156,21317,23420,17223,20423,23819,16639,30119,
20:00,49,25992,21572,10481,28445,28593,25028,10685,10032,27509,26220,14437,15538,28566,20865,10444,22085,10389,20966,12659,21316,17867,23586,22111,22089,17261,16881,17430,26068,12686,26579,25940,14068,14904,28194,30134,20847,25055,26221,18879,21444,20115,21299,26684,26203,27287,25949,25491,27022,16107,
20:05,27,10450,18417,17286,12962,17125,27465,13071,15938,27494,22114,11454,30237,20027,27669,26253,17002,25357,20913,26238,20538,25093,20612,16549,12956,21162,16594,17414,
20:10,19,28422,13207,17176,18005,17160,16558,11214,20100,30107,20161,30129,10389,16856,14423,26387,18773,22026,22093,23919,
20:15,24,27448,25055,30134,26068,20925,20262,21353,26379,27718,14043,18879,22050,26870,22007,10551,15739,16863,28434,17378,23586,23841,21062,11630,18035,
20:20,26,14653,27421,22032,25710,26517,17684,12908,10895,28328,25748,27404,23654,11734,14971,21309,26455,20678,26527,23318,20115,17787,21849,11879,23760,17242,20498,
20:25,24,23566,26048,20878,18167,10004,28451,21749,27503,10372,16107,10036,26249,21443,20120,10594,27034,28558,17826,12686,11699,22008,11278,16573,11957,
20:30,35,20219,15398,13169,12948,15278,14560,15780,15234,13403,25001,30196,16277,11992,17047,26174,27670,26203,11785,17434,17171,13322,10121,14444,16885,22066,28618,18183,11468,20830,17985,30159,11961,10464,23375,21561,
20:35,28,26760,28439,14904,30215,14123,13797,28032,16259,13504,14923,21477,27279,21437,14068,12789,26221,25784,15201,26328,21801,10345,18080,11526,20657,17776,21307,20122,20032,
20:40,21,17828,25116,10089,13108,21368,22027,10036,17779,17654,17100,25940,20838,11855,15651,25949,10867,20847,20696,16630,11957,21162,
20:45,18,26930,23341,18000,11278,23625,26048,13762,22042,21549,21604,21299,13403,27982,18419,22043,10149,21011,21572,
20:50,39,12722,18194,11984,12939,10351,23534,21238,20275,17845,11203,20126,27396,26341,18306,28194,17388,27287,11652,30156,21814,17160,26363,23755,27603,27136,21998,28247,27065,30024,16884,21561,17583,20209,27022,17227,24018,21196,17424,10264,
20:55,51,17083,11704,11558,11288,23741,20019,21569,21944,21243,21799,18100,23464,11447,12747,17418,20210,11348,10458,23420,23819,20440,21232,20342,21121,28646,30021,25683,17773,25491,20762,17517,28164,20285,13177,17073,30235,25743,26579,11521,25429,21444,25679,21742,23729,11069,17286,21307,21142,23818,23595,21797,
21:00,37,18698,28267,28527,23737,15088,30118,26663,18849,20743,27332,27522,10622,17160,13862,20691,15933,11534,17430,17039,16510,21218,13821,30111,21237,14364,10218,16729,20017,17572,13316,22063,13563,26292,20767,20290,23665,13509,
21:05,25,17974,16404,13356,26393,28339,27501,16204,20090,21663,30250,26643,21758,15179,15793,16690,12871,26930,28318,18005,17560,23349,12904,17872,20650,18010,
21:10,33,22109,28286,11680,17624,11704,11521,28159,15780,25147,27975,16551,25448,15593,12939,13509,26125,21243,27718,11339,10218,23651,21889,20290,15366,22013,20830,23919,14269,22063,16923,22001,23665,16558,
21:15,23,17160,26715,16194,26393,17752,13821,25949,10641,18032,23818,22052,28049,16881,26066,11953,21291,14310,13207,16731,25176,12842,11961,16729,
21:20,20,17006,18428,26856,31005,10972,13421,17290,16663,16298,10623,30241,26068,17388,15078,21675,23559,27180,21561,23385,21403,
21:25,33,30123,21063,27978,16881,18016,27362,21628,13713,13078,14699,21670,23760,20984,20166,21522,10239,13252,17872,18919,21081,21572,28112,18801,25914,30030,22002,20650,21232,21903,21121,23569,22039,20678,
21:30,20,21808,14635,20717,28613,21701,18656,31005,15523,13847,13316,23910,11174,22106,11208,21234,17974,23861,20475,23427,17039,
21:35,22,15579,28120,13563,22032,23737,15684,21237,21875,14269,26277,14529,27136,15793,21561,11758,20017,11439,17776,16873,20987,23526,20210,
21:40,28,21162,11549,25708,13045,25739,21979,27782,14580,21422,26292,20312,18708,20654,13267,14356,16332,15454,23425,25581,17437,17572,12756,20970,12726,11349,21171,11991,21225,
21:45,24,11350,21572,11876,14105,15557,16302,16266,21063,30111,15107,11756,25606,11734,15698,20971,16777,18656,11961,12789,21403,12704,25244,12894,21365,
21:50,18,11957,23586,21814,27830,12780,21218,30173,25223,22114,25699,11332,16860,23886,20564,21944,23419,30147,20212,
21:55,37,30119,21453,21849,21232,10731,11879,21742,23729,11785,11069,20440,17286,11652,21307,23818,23595,21437,16074,21688,30203,20767,30127,13762,25165,16960,16256,28562,11261,20987,13108,14364,26698,17774,17728,20924,10436,20166,
22:00,21,14580,16013,13910,27550,26272,15959,27501,15088,15258,21874,28614,15184,14195,22013,20265,23867,11439,14515,13073,11333,18860,
22:05,15,14450,15579,16404,22093,21911,25619,13504,13824,20538,20923,28226,23683,16669,10457,17517,
22:10,5,17242,18656,25103,12654,10450,
22:15,12,20106,27136,26550,20932,30028,18774,25606,12756,16578,21307,21903,11734,
22:20,12,15293,27692,11652,13417,15112,16059,15933,21723,11549,21906,23464,11961,
22:25,10,16259,13356,17165,14123,20767,15959,23591,28355,22111,18218,
22:30,11,21121,16194,16663,20104,15699,14901,23425,16369,11492,11208,23569,
22:35,13,20210,10975,25421,20208,15933,18237,23737,10242,15184,20538,11734,12932,17667,
22:40,14,27202,21906,14323,26721,11549,23464,25108,16567,21317,17623,20879,17608,12705,16558,
22:45,15,16881,11608,27387,17540,18860,28312,14463,21185,31005,11333,21903,23741,22012,17576,20120,
22:50,10,20766,26082,20674,20394,30032,18010,09009,21383,23333,21379,
22:55,29,16860,11332,21797,17774,17728,15036,15844,16873,27149,17039,17125,20475,20166,15184,11961,25547,21589,14335,20847,13073,23797,14515,25703,10726,21166,27261,23314,23741,21144,
23:00,16,26292,11101,21272,17242,17696,27708,13413,27262,28626,16019,23612,20527,21015,17342,20210,15573,
23:05,14,21367,13824,21589,20931,13556,21476,16059,13537,17164,21365,10486,23403,16558,11853,
23:10,14,15780,13073,16623,26143,23861,21431,25601,30012,17888,15112,29501,20709,21701,12939,
23:15,14,28475,27808,11652,13263,21857,21403,10486,28194,20320,17261,12854,16578,20210,11288,
23:20,9,26291,26798,14123,16302,21166,15039,20951,20536,23333,
23:25,12,13824,20458,16873,23619,28033,16669,23737,14178,11887,21569,21799,18005,
23:30,13,20451,16885,20527,21431,15121,23569,20122,26292,10625,21470,21486,12661,20830,
23:35,13,25120,22109,16881,25949,10457,17888,22106,16856,20212,22013,11350,21816,23741,
23:40,10,16558,14215,28095,28221,10899,26820,18785,20753,20166,13356,
23:45,11,22012,17576,20120,15942,27727,31005,18837,21903,27512,10939,17912,
23:50,13,21383,23333,21379,13661,17667,11315,13766,13326,13576,12659,15270,11534,22076,
23:55,23,10726,12932,15184,21166,27261,15969,27167,14508,20674,23314,23741,21144,26638,25704,20657,28437,21816,25562,18005,26291,27550,12842,14387,
