0:0~0:5,0,
0:5~0:10,0,
0:10~0:15,0,
0:15~0:20,0,
0:20~0:25,0,
0:25~0:30,0,
0:30~0:35,0,
0:35~0:40,0,
0:40~0:45,0,
0:45~0:50,0,
0:50~0:55,0,
0:55~0:60,0,
1:0~1:5,0,
1:5~1:10,0,
1:10~1:15,0,
1:15~1:20,0,
1:20~1:25,0,
1:25~1:30,0,
1:30~1:35,0,
1:35~1:40,0,
1:40~1:45,0,
1:45~1:50,0,
1:50~1:55,0,
1:55~1:60,0,
2:0~2:5,0,
2:5~2:10,0,
2:10~2:15,0,
2:15~2:20,0,
2:20~2:25,0,
2:25~2:30,0,
2:30~2:35,0,
2:35~2:40,0,
2:40~2:45,0,
2:45~2:50,0,
2:50~2:55,0,
2:55~2:60,0,
3:0~3:5,0,
3:5~3:10,0,
3:10~3:15,0,
3:15~3:20,0,
3:20~3:25,0,
3:25~3:30,0,
3:30~3:35,0,
3:35~3:40,0,
3:40~3:45,0,
3:45~3:50,0,
3:50~3:55,0,
3:55~3:60,0,
4:0~4:5,0,
4:5~4:10,0,
4:10~4:15,0,
4:15~4:20,0,
4:20~4:25,0,
4:25~4:30,0,
4:30~4:35,0,
4:35~4:40,0,
4:40~4:45,0,
4:45~4:50,0,
4:50~4:55,0,
4:55~4:60,0,
5:0~5:5,0,
5:5~5:10,0,
5:10~5:15,0,
5:15~5:20,0,
5:20~5:25,0,
5:25~5:30,0,
5:30~5:35,0,
5:35~5:40,0,
5:40~5:45,0,
5:45~5:50,0,
5:50~5:55,0,
5:55~5:60,0,
6:0~6:5,0,
6:5~6:10,0,
6:10~6:15,0,
6:15~6:20,0,
6:20~6:25,0,
6:25~6:30,0,
6:30~6:35,0,
6:35~6:40,0,
6:40~6:45,0,
6:45~6:50,0,
6:50~6:55,0,
6:55~6:60,0,
7:0~7:5,0,
7:5~7:10,0,
7:10~7:15,0,
7:15~7:20,0,
7:20~7:25,0,
7:25~7:30,0,
7:30~7:35,0,
7:35~7:40,0,
7:40~7:45,0,
7:45~7:50,0,
7:50~7:55,0,
7:55~7:60,0,
8:0~8:5,0,
8:5~8:10,0,
8:10~8:15,0,
8:15~8:20,0,
8:20~8:25,0,
8:25~8:30,0,
8:30~8:35,0,
8:35~8:40,0,
8:40~8:45,0,
8:45~8:50,0,
8:50~8:55,0,
8:55~8:60,0,
9:0~9:5,0,
9:5~9:10,0,
9:10~9:15,0,
9:15~9:20,0,
9:20~9:25,0,
9:25~9:30,0,
9:30~9:35,0,
9:35~9:40,0,
9:40~9:45,0,
9:45~9:50,0,
9:50~9:55,0,
9:55~9:60,0,
10:0~10:5,50,4656.84,17011->starting 2018-04-01 10:11:08 for 190,20966->starting 2018-04-01 10:11:39 for 2494,21559->starting 2018-04-01 10:14:14 for 2489,21547->starting 2018-04-01 10:15:10 for 472,17118->starting 2018-04-01 10:16:12 for 2254,10890->starting 2018-04-01 10:16:39 for 17724,20285->starting 2018-04-01 10:18:16 for 164,21691->starting 2018-04-01 10:21:38 for 17596,13593->starting 2018-04-01 10:23:12 for 40,18167->starting 2018-04-01 10:24:40 for 260,23314->starting 2018-04-01 10:25:15 for 4474,18046->starting 2018-04-01 10:26:44 for 4306,28318->starting 2018-04-01 10:29:52 for 255,20304->starting 2018-04-01 10:29:54 for 1514,28638->starting 2018-04-01 10:30:15 for 214,28185->starting 2018-04-01 10:30:48 for 17069,11680->starting 2018-04-01 10:30:52 for 368,13132->starting 2018-04-01 10:30:54 for 415,21998->starting 2018-04-01 10:31:19 for 299,25912->starting 2018-04-01 10:31:20 for 17352,11940->starting 2018-04-01 10:31:32 for 78,20290->starting 2018-04-01 10:32:19 for 281,20921->starting 2018-04-01 10:32:45 for 241,18417->starting 2018-04-01 10:33:55 for 164,15278->starting 2018-04-01 10:35:00 for 234,21493->starting 2018-04-01 10:35:48 for 2424,23520->starting 2018-04-01 10:36:38 for 2875,10867->starting 2018-04-01 10:37:53 for 222,18835->starting 2018-04-01 10:37:59 for 130,26663->starting 2018-04-01 10:38:15 for 17663,28434->starting 2018-04-01 10:38:42 for 16796,30024->starting 2018-04-01 10:42:35 for 76,14956->starting 2018-04-01 10:43:16 for 18932,10121->starting 2018-04-01 10:50:11 for 8,20813->starting 2018-04-01 10:50:35 for 31,13494->starting 2018-04-01 10:51:15 for 16763,27181->starting 2018-04-01 10:51:40 for 495,30119->starting 2018-04-01 10:51:51 for 156,13196->starting 2018-04-01 10:52:56 for 16888,26652->starting 2018-04-01 10:54:34 for 16835,20715->starting 2018-04-01 10:55:24 for 32,22089->starting 2018-04-01 10:57:08 for 36,15940->starting 2018-04-01 10:57:13 for 302,17776->starting 2018-04-01 10:57:29 for 1592,14932->starting 2018-04-01 10:57:51 for 16710,22067->starting 2018-04-01 10:59:37 for 188,18417->starting 2018-04-01 10:59:42 for 4611,28615->starting 2018-04-01 10:59:50 for 413,30148->starting 2018-04-01 10:59:50 for 1923,12947->starting 2018-04-01 10:59:57 for 5794,
10:5~10:10,0,
10:10~10:15,3,1724.3333333333333,17011->starting 2018-04-01 10:11:08 for 190,20966->starting 2018-04-01 10:11:39 for 2494,21559->starting 2018-04-01 10:14:14 for 2489,
10:15~10:20,4,5153.5,21547->starting 2018-04-01 10:15:10 for 472,17118->starting 2018-04-01 10:16:12 for 2254,10890->starting 2018-04-01 10:16:39 for 17724,20285->starting 2018-04-01 10:18:16 for 164,
10:20~10:25,3,5965.333333333333,21691->starting 2018-04-01 10:21:38 for 17596,13593->starting 2018-04-01 10:23:12 for 40,18167->starting 2018-04-01 10:24:40 for 260,
10:25~10:30,4,2637.25,23314->starting 2018-04-01 10:25:15 for 4474,18046->starting 2018-04-01 10:26:44 for 4306,28318->starting 2018-04-01 10:29:52 for 255,20304->starting 2018-04-01 10:29:54 for 1514,
10:30~10:35,10,3648.1,28638->starting 2018-04-01 10:30:15 for 214,28185->starting 2018-04-01 10:30:48 for 17069,11680->starting 2018-04-01 10:30:52 for 368,13132->starting 2018-04-01 10:30:54 for 415,21998->starting 2018-04-01 10:31:19 for 299,25912->starting 2018-04-01 10:31:20 for 17352,11940->starting 2018-04-01 10:31:32 for 78,20290->starting 2018-04-01 10:32:19 for 281,20921->starting 2018-04-01 10:32:45 for 241,18417->starting 2018-04-01 10:33:55 for 164,
10:35~10:40,7,5763.428571428572,15278->starting 2018-04-01 10:35:00 for 234,21493->starting 2018-04-01 10:35:48 for 2424,23520->starting 2018-04-01 10:36:38 for 2875,10867->starting 2018-04-01 10:37:53 for 222,18835->starting 2018-04-01 10:37:59 for 130,26663->starting 2018-04-01 10:38:15 for 17663,28434->starting 2018-04-01 10:38:42 for 16796,
10:40~10:45,2,9504.0,30024->starting 2018-04-01 10:42:35 for 76,14956->starting 2018-04-01 10:43:16 for 18932,
10:45~10:50,0,
10:50~10:55,7,7310.857142857143,10121->starting 2018-04-01 10:50:11 for 8,20813->starting 2018-04-01 10:50:35 for 31,13494->starting 2018-04-01 10:51:15 for 16763,27181->starting 2018-04-01 10:51:40 for 495,30119->starting 2018-04-01 10:51:51 for 156,13196->starting 2018-04-01 10:52:56 for 16888,26652->starting 2018-04-01 10:54:34 for 16835,
10:55~10:60,10,3160.1,20715->starting 2018-04-01 10:55:24 for 32,22089->starting 2018-04-01 10:57:08 for 36,15940->starting 2018-04-01 10:57:13 for 302,17776->starting 2018-04-01 10:57:29 for 1592,14932->starting 2018-04-01 10:57:51 for 16710,22067->starting 2018-04-01 10:59:37 for 188,18417->starting 2018-04-01 10:59:42 for 4611,28615->starting 2018-04-01 10:59:50 for 413,30148->starting 2018-04-01 10:59:50 for 1923,12947->starting 2018-04-01 10:59:57 for 5794,
11:0~11:5,38,5756.026315789473,15538->starting 2018-04-01 11:10:02 for 16835,18773->starting 2018-04-01 11:10:18 for 393,27045->starting 2018-04-01 11:11:55 for 17038,14064->starting 2018-04-01 11:12:40 for 360,30106->starting 2018-04-01 11:13:26 for 49,27493->starting 2018-04-01 11:13:49 for 909,10715->starting 2018-04-01 11:14:15 for 16400,28016->starting 2018-04-01 11:15:05 for 17111,17038->starting 2018-04-01 11:16:34 for 608,12714->starting 2018-04-01 11:19:30 for 4541,21477->starting 2018-04-01 11:22:36 for 4379,20382->starting 2018-04-01 11:23:34 for 2767,28451->starting 2018-04-01 11:24:39 for 5602,27332->starting 2018-04-01 11:25:19 for 17081,28638->starting 2018-04-01 11:25:33 for 5784,20120->starting 2018-04-01 11:25:56 for 304,10436->starting 2018-04-01 11:28:23 for 16048,28249->starting 2018-04-01 11:32:41 for 179,25160->starting 2018-04-01 11:33:01 for 217,15530->starting 2018-04-01 11:33:42 for 16869,13766->starting 2018-04-01 11:36:35 for 80,11447->starting 2018-04-01 11:38:17 for 106,30031->starting 2018-04-01 11:41:20 for 764,25906->starting 2018-04-01 11:42:00 for 49,21493->starting 2018-04-01 11:42:05 for 5887,21122->starting 2018-04-01 11:42:29 for 7,20019->starting 2018-04-01 11:45:15 for 1779,16549->starting 2018-04-01 11:45:37 for 801,28646->starting 2018-04-01 11:47:42 for 178,16692->starting 2018-04-01 11:47:49 for 328,13169->starting 2018-04-01 11:47:53 for 288,30163->starting 2018-04-01 11:48:18 for 289,13700->starting 2018-04-01 11:49:41 for 16594,15036->starting 2018-04-01 11:51:04 for 17409,26788->starting 2018-04-01 11:51:44 for 12626,10350->starting 2018-04-01 11:52:10 for 181,18783->starting 2018-04-01 11:56:31 for 17706,14461->starting 2018-04-01 11:57:33 for 183,
11:5~11:10,0,
11:10~11:15,7,7426.285714285715,15538->starting 2018-04-01 11:10:02 for 16835,18773->starting 2018-04-01 11:10:18 for 393,27045->starting 2018-04-01 11:11:55 for 17038,14064->starting 2018-04-01 11:12:40 for 360,30106->starting 2018-04-01 11:13:26 for 49,27493->starting 2018-04-01 11:13:49 for 909,10715->starting 2018-04-01 11:14:15 for 16400,
11:15~11:20,3,7420.0,28016->starting 2018-04-01 11:15:05 for 17111,17038->starting 2018-04-01 11:16:34 for 608,12714->starting 2018-04-01 11:19:30 for 4541,
11:20~11:25,3,4249.333333333333,21477->starting 2018-04-01 11:22:36 for 4379,20382->starting 2018-04-01 11:23:34 for 2767,28451->starting 2018-04-01 11:24:39 for 5602,
11:25~11:30,4,9804.25,27332->starting 2018-04-01 11:25:19 for 17081,28638->starting 2018-04-01 11:25:33 for 5784,20120->starting 2018-04-01 11:25:56 for 304,10436->starting 2018-04-01 11:28:23 for 16048,
11:30~11:35,3,5755.0,28249->starting 2018-04-01 11:32:41 for 179,25160->starting 2018-04-01 11:33:01 for 217,15530->starting 2018-04-01 11:33:42 for 16869,
11:35~11:40,2,93.0,13766->starting 2018-04-01 11:36:35 for 80,11447->starting 2018-04-01 11:38:17 for 106,
11:40~11:45,4,1676.75,30031->starting 2018-04-01 11:41:20 for 764,25906->starting 2018-04-01 11:42:00 for 49,21493->starting 2018-04-01 11:42:05 for 5887,21122->starting 2018-04-01 11:42:29 for 7,
11:45~11:50,7,2893.8571428571427,20019->starting 2018-04-01 11:45:15 for 1779,16549->starting 2018-04-01 11:45:37 for 801,28646->starting 2018-04-01 11:47:42 for 178,16692->starting 2018-04-01 11:47:49 for 328,13169->starting 2018-04-01 11:47:53 for 288,30163->starting 2018-04-01 11:48:18 for 289,13700->starting 2018-04-01 11:49:41 for 16594,
11:50~11:55,3,10072.0,15036->starting 2018-04-01 11:51:04 for 17409,26788->starting 2018-04-01 11:51:44 for 12626,10350->starting 2018-04-01 11:52:10 for 181,
11:55~11:60,2,8944.5,18783->starting 2018-04-01 11:56:31 for 17706,14461->starting 2018-04-01 11:57:33 for 183,
12:0~12:5,31,6940.4838709677415,18921->starting 2018-04-01 12:10:38 for 302,23427->starting 2018-04-01 12:13:39 for 584,15926->starting 2018-04-01 12:14:32 for 17233,17696->starting 2018-04-01 12:19:37 for 2247,13696->starting 2018-04-01 12:22:38 for 16007,27982->starting 2018-04-01 12:24:51 for 15903,25585->starting 2018-04-01 12:26:28 for 16154,18057->starting 2018-04-01 12:31:36 for 180,17083->starting 2018-04-01 12:33:38 for 4415,14482->starting 2018-04-01 12:33:51 for 15881,10731->starting 2018-04-01 12:35:08 for 15807,27649->starting 2018-04-01 12:35:11 for 15922,12939->starting 2018-04-01 12:35:28 for 311,28343->starting 2018-04-01 12:36:17 for 870,15611->starting 2018-04-01 12:36:46 for 128,22002->starting 2018-04-01 12:37:35 for 162,15617->starting 2018-04-01 12:39:52 for 848,20766->starting 2018-04-01 12:40:14 for 3654,27648->starting 2018-04-01 12:41:42 for 16570,17286->starting 2018-04-01 12:42:28 for 4492,21944->starting 2018-04-01 12:44:03 for 4614,23329->starting 2018-04-01 12:44:33 for 94,15698->starting 2018-04-01 12:45:36 for 178,21316->starting 2018-04-01 12:46:23 for 391,26095->starting 2018-04-01 12:48:15 for 16142,20726->starting 2018-04-01 12:48:37 for 838,17223->starting 2018-04-01 12:50:24 for 4777,14215->starting 2018-04-01 12:53:56 for 16076,18020->starting 2018-04-01 12:55:17 for 4680,21979->starting 2018-04-01 12:58:11 for 3862,28605->starting 2018-04-01 12:59:05 for 15833,
12:5~12:10,0,
12:10~12:15,3,6039.666666666667,18921->starting 2018-04-01 12:10:38 for 302,23427->starting 2018-04-01 12:13:39 for 584,15926->starting 2018-04-01 12:14:32 for 17233,
12:15~12:20,1,2247.0,17696->starting 2018-04-01 12:19:37 for 2247,
12:20~12:25,2,15955.0,13696->starting 2018-04-01 12:22:38 for 16007,27982->starting 2018-04-01 12:24:51 for 15903,
12:25~12:30,1,16154.0,25585->starting 2018-04-01 12:26:28 for 16154,
12:30~12:35,3,6825.333333333333,18057->starting 2018-04-01 12:31:36 for 180,17083->starting 2018-04-01 12:33:38 for 4415,14482->starting 2018-04-01 12:33:51 for 15881,
12:35~12:40,7,4864.0,10731->starting 2018-04-01 12:35:08 for 15807,27649->starting 2018-04-01 12:35:11 for 15922,12939->starting 2018-04-01 12:35:28 for 311,28343->starting 2018-04-01 12:36:17 for 870,15611->starting 2018-04-01 12:36:46 for 128,22002->starting 2018-04-01 12:37:35 for 162,15617->starting 2018-04-01 12:39:52 for 848,
12:40~12:45,5,5884.8,20766->starting 2018-04-01 12:40:14 for 3654,27648->starting 2018-04-01 12:41:42 for 16570,17286->starting 2018-04-01 12:42:28 for 4492,21944->starting 2018-04-01 12:44:03 for 4614,23329->starting 2018-04-01 12:44:33 for 94,
12:45~12:50,4,4387.25,15698->starting 2018-04-01 12:45:36 for 178,21316->starting 2018-04-01 12:46:23 for 391,26095->starting 2018-04-01 12:48:15 for 16142,20726->starting 2018-04-01 12:48:37 for 838,
12:50~12:55,2,10426.5,17223->starting 2018-04-01 12:50:24 for 4777,14215->starting 2018-04-01 12:53:56 for 16076,
12:55~12:60,3,8125.0,18020->starting 2018-04-01 12:55:17 for 4680,21979->starting 2018-04-01 12:58:11 for 3862,28605->starting 2018-04-01 12:59:05 for 15833,
13:0~13:5,35,4885.657142857143,11045->starting 2018-04-01 13:10:08 for 1538,26556->starting 2018-04-01 13:10:37 for 340,10671->starting 2018-04-01 13:10:39 for 3659,14380->starting 2018-04-01 13:12:19 for 18921,21383->starting 2018-04-01 13:12:26 for 4201,16065->starting 2018-04-01 13:12:53 for 129,13752->starting 2018-04-01 13:14:46 for 15639,23742->starting 2018-04-01 13:14:53 for 2506,15250->starting 2018-04-01 13:15:18 for 95,15942->starting 2018-04-01 13:15:58 for 15534,17418->starting 2018-04-01 13:18:17 for 3777,26539->starting 2018-04-01 13:19:42 for 136,20865->starting 2018-04-01 13:19:53 for 3301,27783->starting 2018-04-01 13:20:16 for 168,17730->starting 2018-04-01 13:20:42 for 1569,21011->starting 2018-04-01 13:21:27 for 4847,15179->starting 2018-04-01 13:21:40 for 4994,16302->starting 2018-04-01 13:24:20 for 179,25490->starting 2018-04-01 13:24:41 for 15582,27529->starting 2018-04-01 13:26:41 for 15260,12861->starting 2018-04-01 13:32:04 for 1946,13421->starting 2018-04-01 13:32:08 for 4255,27014->starting 2018-04-01 13:33:12 for 381,18208->starting 2018-04-01 13:33:32 for 1431,26220->starting 2018-04-01 13:39:56 for 204,20312->starting 2018-04-01 13:42:20 for 1470,23307->starting 2018-04-01 13:43:13 for 3818,21493->starting 2018-04-01 13:43:46 for 2976,17378->starting 2018-04-01 13:45:18 for 1420,28079->starting 2018-04-01 13:45:34 for 14898,12756->starting 2018-04-01 13:47:29 for 1626,21317->starting 2018-04-01 13:50:38 for 3415,26751->starting 2018-04-01 13:54:59 for 1745,13576->starting 2018-04-01 13:55:14 for 16016,18338->starting 2018-04-01 13:59:49 for 3022,
13:5~13:10,0,
13:10~13:15,8,5866.625,11045->starting 2018-04-01 13:10:08 for 1538,26556->starting 2018-04-01 13:10:37 for 340,10671->starting 2018-04-01 13:10:39 for 3659,14380->starting 2018-04-01 13:12:19 for 18921,21383->starting 2018-04-01 13:12:26 for 4201,16065->starting 2018-04-01 13:12:53 for 129,13752->starting 2018-04-01 13:14:46 for 15639,23742->starting 2018-04-01 13:14:53 for 2506,
13:15~13:20,5,4568.6,15250->starting 2018-04-01 13:15:18 for 95,15942->starting 2018-04-01 13:15:58 for 15534,17418->starting 2018-04-01 13:18:17 for 3777,26539->starting 2018-04-01 13:19:42 for 136,20865->starting 2018-04-01 13:19:53 for 3301,
13:20~13:25,6,4556.5,27783->starting 2018-04-01 13:20:16 for 168,17730->starting 2018-04-01 13:20:42 for 1569,21011->starting 2018-04-01 13:21:27 for 4847,15179->starting 2018-04-01 13:21:40 for 4994,16302->starting 2018-04-01 13:24:20 for 179,25490->starting 2018-04-01 13:24:41 for 15582,
13:25~13:30,1,15260.0,27529->starting 2018-04-01 13:26:41 for 15260,
13:30~13:35,4,2003.25,12861->starting 2018-04-01 13:32:04 for 1946,13421->starting 2018-04-01 13:32:08 for 4255,27014->starting 2018-04-01 13:33:12 for 381,18208->starting 2018-04-01 13:33:32 for 1431,
13:35~13:40,1,204.0,26220->starting 2018-04-01 13:39:56 for 204,
13:40~13:45,3,2754.6666666666665,20312->starting 2018-04-01 13:42:20 for 1470,23307->starting 2018-04-01 13:43:13 for 3818,21493->starting 2018-04-01 13:43:46 for 2976,
13:45~13:50,3,5981.333333333333,17378->starting 2018-04-01 13:45:18 for 1420,28079->starting 2018-04-01 13:45:34 for 14898,12756->starting 2018-04-01 13:47:29 for 1626,
13:50~13:55,2,2580.0,21317->starting 2018-04-01 13:50:38 for 3415,26751->starting 2018-04-01 13:54:59 for 1745,
13:55~13:60,2,9519.0,13576->starting 2018-04-01 13:55:14 for 16016,18338->starting 2018-04-01 13:59:49 for 3022,
14:0~14:5,53,5288.792452830188,15123->starting 2018-04-01 14:12:59 for 14129,16923->starting 2018-04-01 14:13:18 for 3619,23420->starting 2018-04-01 14:17:03 for 1483,27708->starting 2018-04-01 14:17:47 for 13931,17888->starting 2018-04-01 14:19:16 for 704,10365->starting 2018-04-01 14:19:27 for 162,26373->starting 2018-04-01 14:20:13 for 13923,18775->starting 2018-04-01 14:20:35 for 126,13726->starting 2018-04-01 14:20:40 for 14104,21299->starting 2018-04-01 14:20:41 for 2484,16260->starting 2018-04-01 14:22:39 for 1808,11630->starting 2018-04-01 14:22:53 for 384,15278->starting 2018-04-01 14:23:20 for 14100,10374->starting 2018-04-01 14:23:35 for 2612,15952->starting 2018-04-01 14:26:06 for 232,18879->starting 2018-04-01 14:26:21 for 14689,14110->starting 2018-04-01 14:26:35 for 124,16995->starting 2018-04-01 14:27:18 for 310,13763->starting 2018-04-01 14:27:42 for 2729,22055->starting 2018-04-01 14:28:39 for 1635,30024->starting 2018-04-01 14:29:06 for 15179,15569->starting 2018-04-01 14:29:15 for 1110,28566->starting 2018-04-01 14:29:31 for 14769,26556->starting 2018-04-01 14:29:45 for 15829,30203->starting 2018-04-01 14:30:16 for 1061,18757->starting 2018-04-01 14:31:07 for 194,12904->starting 2018-04-01 14:32:28 for 3563,17829->starting 2018-04-01 14:33:40 for 280,20504->starting 2018-04-01 14:34:58 for 105,13797->starting 2018-04-01 14:37:11 for 16729,21679->starting 2018-04-01 14:37:59 for 341,22078->starting 2018-04-01 14:39:52 for 893,10217->starting 2018-04-01 14:40:50 for 799,21559->starting 2018-04-01 14:41:05 for 776,21820->starting 2018-04-01 14:41:17 for 2594,10092->starting 2018-04-01 14:41:33 for 1903,28328->starting 2018-04-01 14:43:18 for 15025,12894->starting 2018-04-01 14:44:40 for 1356,21979->starting 2018-04-01 14:45:09 for 2820,25093->starting 2018-04-01 14:45:37 for 15057,26125->starting 2018-04-01 14:46:09 for 98,20323->starting 2018-04-01 14:47:34 for 3169,22043->starting 2018-04-01 14:48:33 for 233,23819->starting 2018-04-01 14:48:38 for 2905,13252->starting 2018-04-01 14:49:06 for 14558,21379->starting 2018-04-01 14:49:10 for 2852,20569->starting 2018-04-01 14:50:01 for 3124,22050->starting 2018-04-01 14:50:35 for 3236,30250->starting 2018-04-01 14:51:34 for 15390,10464->starting 2018-04-01 14:53:06 for 3310,16747->starting 2018-04-01 14:56:38 for 2846,25103->starting 2018-04-01 14:58:47 for 14708,23886->starting 2018-04-01 14:59:43 for 206,
14:5~14:10,0,
14:10~14:15,2,8874.0,15123->starting 2018-04-01 14:12:59 for 14129,16923->starting 2018-04-01 14:13:18 for 3619,
14:15~14:20,4,4070.0,23420->starting 2018-04-01 14:17:03 for 1483,27708->starting 2018-04-01 14:17:47 for 13931,17888->starting 2018-04-01 14:19:16 for 704,10365->starting 2018-04-01 14:19:27 for 162,
14:20~14:25,8,6192.625,26373->starting 2018-04-01 14:20:13 for 13923,18775->starting 2018-04-01 14:20:35 for 126,13726->starting 2018-04-01 14:20:40 for 14104,21299->starting 2018-04-01 14:20:41 for 2484,16260->starting 2018-04-01 14:22:39 for 1808,11630->starting 2018-04-01 14:22:53 for 384,15278->starting 2018-04-01 14:23:20 for 14100,10374->starting 2018-04-01 14:23:35 for 2612,
14:25~14:30,10,6660.6,15952->starting 2018-04-01 14:26:06 for 232,18879->starting 2018-04-01 14:26:21 for 14689,14110->starting 2018-04-01 14:26:35 for 124,16995->starting 2018-04-01 14:27:18 for 310,13763->starting 2018-04-01 14:27:42 for 2729,22055->starting 2018-04-01 14:28:39 for 1635,30024->starting 2018-04-01 14:29:06 for 15179,15569->starting 2018-04-01 14:29:15 for 1110,28566->starting 2018-04-01 14:29:31 for 14769,26556->starting 2018-04-01 14:29:45 for 15829,
14:30~14:35,5,1040.6,30203->starting 2018-04-01 14:30:16 for 1061,18757->starting 2018-04-01 14:31:07 for 194,12904->starting 2018-04-01 14:32:28 for 3563,17829->starting 2018-04-01 14:33:40 for 280,20504->starting 2018-04-01 14:34:58 for 105,
14:35~14:40,3,5987.666666666667,13797->starting 2018-04-01 14:37:11 for 16729,21679->starting 2018-04-01 14:37:59 for 341,22078->starting 2018-04-01 14:39:52 for 893,
14:40~14:45,6,3742.1666666666665,10217->starting 2018-04-01 14:40:50 for 799,21559->starting 2018-04-01 14:41:05 for 776,21820->starting 2018-04-01 14:41:17 for 2594,10092->starting 2018-04-01 14:41:33 for 1903,28328->starting 2018-04-01 14:43:18 for 15025,12894->starting 2018-04-01 14:44:40 for 1356,
14:45~14:50,8,5211.5,21979->starting 2018-04-01 14:45:09 for 2820,25093->starting 2018-04-01 14:45:37 for 15057,26125->starting 2018-04-01 14:46:09 for 98,20323->starting 2018-04-01 14:47:34 for 3169,22043->starting 2018-04-01 14:48:33 for 233,23819->starting 2018-04-01 14:48:38 for 2905,13252->starting 2018-04-01 14:49:06 for 14558,21379->starting 2018-04-01 14:49:10 for 2852,
14:50~14:55,4,6265.0,20569->starting 2018-04-01 14:50:01 for 3124,22050->starting 2018-04-01 14:50:35 for 3236,30250->starting 2018-04-01 14:51:34 for 15390,10464->starting 2018-04-01 14:53:06 for 3310,
14:55~14:60,3,5920.0,16747->starting 2018-04-01 14:56:38 for 2846,25103->starting 2018-04-01 14:58:47 for 14708,23886->starting 2018-04-01 14:59:43 for 206,
15:0~15:5,43,6022.372093023256,13437->starting 2018-04-01 15:10:36 for 15433,17014->starting 2018-04-01 15:12:34 for 980,11404->starting 2018-04-01 15:16:57 for 360,15250->starting 2018-04-01 15:17:05 for 98,30118->starting 2018-04-01 15:17:15 for 14241,16123->starting 2018-04-01 15:17:20 for 2910,30154->starting 2018-04-01 15:19:45 for 97,16672->starting 2018-04-01 15:20:41 for 3175,14653->starting 2018-04-01 15:20:44 for 51,30163->starting 2018-04-01 15:24:04 for 13990,20158->starting 2018-04-01 15:26:28 for 4046,20678->starting 2018-04-01 15:28:18 for 1384,16313->starting 2018-04-01 15:28:30 for 68,23405->starting 2018-04-01 15:28:40 for 1403,16873->starting 2018-04-01 15:30:06 for 3246,11991->starting 2018-04-01 15:31:08 for 3497,20102->starting 2018-04-01 15:31:57 for 113,13862->starting 2018-04-01 15:33:09 for 14792,20312->starting 2018-04-01 15:35:34 for 726,14463->starting 2018-04-01 15:37:58 for 14614,16150->starting 2018-04-01 15:40:10 for 175,28604->starting 2018-04-01 15:40:50 for 1199,11534->starting 2018-04-01 15:41:31 for 1054,11492->starting 2018-04-01 15:42:49 for 4482,17141->starting 2018-04-01 15:43:08 for 4421,21797->starting 2018-04-01 15:43:42 for 4746,20778->starting 2018-04-01 15:45:03 for 4286,13818->starting 2018-04-01 15:45:09 for 24,30045->starting 2018-04-01 15:46:14 for 6965,16690->starting 2018-04-01 15:46:32 for 13649,25001->starting 2018-04-01 15:48:10 for 13480,20290->starting 2018-04-01 15:48:11 for 3744,30032->starting 2018-04-01 15:49:57 for 14315,13713->starting 2018-04-01 15:53:58 for 14555,23737->starting 2018-04-01 15:56:47 for 3833,26164->starting 2018-04-01 15:57:36 for 15,10894->starting 2018-04-01 15:57:47 for 43,25914->starting 2018-04-01 15:58:06 for 14375,20460->starting 2018-04-01 15:58:40 for 2436,27396->starting 2018-04-01 15:58:41 for 13953,25784->starting 2018-04-01 15:59:12 for 14136,26760->starting 2018-04-01 15:59:51 for 13455,14560->starting 2018-04-01 15:59:53 for 14397,
15:5~15:10,0,
15:10~15:15,2,8206.5,13437->starting 2018-04-01 15:10:36 for 15433,17014->starting 2018-04-01 15:12:34 for 980,
15:15~15:20,5,3541.2,11404->starting 2018-04-01 15:16:57 for 360,15250->starting 2018-04-01 15:17:05 for 98,30118->starting 2018-04-01 15:17:15 for 14241,16123->starting 2018-04-01 15:17:20 for 2910,30154->starting 2018-04-01 15:19:45 for 97,
15:20~15:25,3,5738.666666666667,16672->starting 2018-04-01 15:20:41 for 3175,14653->starting 2018-04-01 15:20:44 for 51,30163->starting 2018-04-01 15:24:04 for 13990,
15:25~15:30,4,1725.25,20158->starting 2018-04-01 15:26:28 for 4046,20678->starting 2018-04-01 15:28:18 for 1384,16313->starting 2018-04-01 15:28:30 for 68,23405->starting 2018-04-01 15:28:40 for 1403,
15:30~15:35,4,5412.0,16873->starting 2018-04-01 15:30:06 for 3246,11991->starting 2018-04-01 15:31:08 for 3497,20102->starting 2018-04-01 15:31:57 for 113,13862->starting 2018-04-01 15:33:09 for 14792,
15:35~15:40,2,7670.0,20312->starting 2018-04-01 15:35:34 for 726,14463->starting 2018-04-01 15:37:58 for 14614,
15:40~15:45,6,2679.5,16150->starting 2018-04-01 15:40:10 for 175,28604->starting 2018-04-01 15:40:50 for 1199,11534->starting 2018-04-01 15:41:31 for 1054,11492->starting 2018-04-01 15:42:49 for 4482,17141->starting 2018-04-01 15:43:08 for 4421,21797->starting 2018-04-01 15:43:42 for 4746,
15:45~15:50,7,8066.142857142857,20778->starting 2018-04-01 15:45:03 for 4286,13818->starting 2018-04-01 15:45:09 for 24,30045->starting 2018-04-01 15:46:14 for 6965,16690->starting 2018-04-01 15:46:32 for 13649,25001->starting 2018-04-01 15:48:10 for 13480,20290->starting 2018-04-01 15:48:11 for 3744,30032->starting 2018-04-01 15:49:57 for 14315,
15:50~15:55,1,14555.0,13713->starting 2018-04-01 15:53:58 for 14555,
15:55~15:60,9,8515.888888888889,23737->starting 2018-04-01 15:56:47 for 3833,26164->starting 2018-04-01 15:57:36 for 15,10894->starting 2018-04-01 15:57:47 for 43,25914->starting 2018-04-01 15:58:06 for 14375,20460->starting 2018-04-01 15:58:40 for 2436,27396->starting 2018-04-01 15:58:41 for 13953,25784->starting 2018-04-01 15:59:12 for 14136,26760->starting 2018-04-01 15:59:51 for 13455,14560->starting 2018-04-01 15:59:53 for 14397,
16:0~16:5,44,4625.681818181818,14635->starting 2018-04-01 16:11:45 for 13860,23741->starting 2018-04-01 16:13:05 for 3792,20219->starting 2018-04-01 16:13:10 for 100,21368->starting 2018-04-01 16:14:12 for 13781,13521->starting 2018-04-01 16:15:50 for 109,15088->starting 2018-04-01 16:16:12 for 14166,14123->starting 2018-04-01 16:16:36 for 14250,17423->starting 2018-04-01 16:16:41 for 44,26268->starting 2018-04-01 16:19:33 for 100,20830->starting 2018-04-01 16:20:25 for 38,28033->starting 2018-04-01 16:20:33 for 2917,23314->starting 2018-04-01 16:21:19 for 3101,15938->starting 2018-04-01 16:22:33 for 185,16884->starting 2018-04-01 16:23:05 for 3560,25357->starting 2018-04-01 16:25:09 for 211,12702->starting 2018-04-01 16:27:29 for 153,27362->starting 2018-04-01 16:29:34 for 67,18773->starting 2018-04-01 16:29:36 for 2051,17246->starting 2018-04-01 16:31:06 for 1234,13267->starting 2018-04-01 16:31:32 for 13644,18374->starting 2018-04-01 16:32:06 for 13166,10464->starting 2018-04-01 16:32:13 for 2830,11174->starting 2018-04-01 16:32:36 for 29,12787->starting 2018-04-01 16:33:20 for 91,28527->starting 2018-04-01 16:35:33 for 13603,30113->starting 2018-04-01 16:37:18 for 4171,16123->starting 2018-04-01 16:40:15 for 2836,27332->starting 2018-04-01 16:40:35 for 3118,15241->starting 2018-04-01 16:41:42 for 11,16251->starting 2018-04-01 16:42:02 for 97,12704->starting 2018-04-01 16:43:18 for 3120,17872->starting 2018-04-01 16:43:19 for 104,27509->starting 2018-04-01 16:45:40 for 52,18237->starting 2018-04-01 16:46:31 for 195,25703->starting 2018-04-01 16:46:38 for 7,25147->starting 2018-04-01 16:48:08 for 13090,18698->starting 2018-04-01 16:48:53 for 13438,26082->starting 2018-04-01 16:51:13 for 17879,22005->starting 2018-04-01 16:52:50 for 63,21295->starting 2018-04-01 16:54:40 for 1774,16404->starting 2018-04-01 16:55:07 for 12772,21185->starting 2018-04-01 16:55:27 for 231,28343->starting 2018-04-01 16:56:36 for 375,28049->starting 2018-04-01 16:57:35 for 13115,
16:5~16:10,0,
16:10~16:15,4,7883.25,14635->starting 2018-04-01 16:11:45 for 13860,23741->starting 2018-04-01 16:13:05 for 3792,20219->starting 2018-04-01 16:13:10 for 100,21368->starting 2018-04-01 16:14:12 for 13781,
16:15~16:20,5,5733.8,13521->starting 2018-04-01 16:15:50 for 109,15088->starting 2018-04-01 16:16:12 for 14166,14123->starting 2018-04-01 16:16:36 for 14250,17423->starting 2018-04-01 16:16:41 for 44,26268->starting 2018-04-01 16:19:33 for 100,
16:20~16:25,5,1960.2,20830->starting 2018-04-01 16:20:25 for 38,28033->starting 2018-04-01 16:20:33 for 2917,23314->starting 2018-04-01 16:21:19 for 3101,15938->starting 2018-04-01 16:22:33 for 185,16884->starting 2018-04-01 16:23:05 for 3560,
16:25~16:30,4,620.5,25357->starting 2018-04-01 16:25:09 for 211,12702->starting 2018-04-01 16:27:29 for 153,27362->starting 2018-04-01 16:29:34 for 67,18773->starting 2018-04-01 16:29:36 for 2051,
16:30~16:35,6,5165.666666666667,17246->starting 2018-04-01 16:31:06 for 1234,13267->starting 2018-04-01 16:31:32 for 13644,18374->starting 2018-04-01 16:32:06 for 13166,10464->starting 2018-04-01 16:32:13 for 2830,11174->starting 2018-04-01 16:32:36 for 29,12787->starting 2018-04-01 16:33:20 for 91,
16:35~16:40,2,8887.0,28527->starting 2018-04-01 16:35:33 for 13603,30113->starting 2018-04-01 16:37:18 for 4171,
16:40~16:45,6,1547.6666666666667,16123->starting 2018-04-01 16:40:15 for 2836,27332->starting 2018-04-01 16:40:35 for 3118,15241->starting 2018-04-01 16:41:42 for 11,16251->starting 2018-04-01 16:42:02 for 97,12704->starting 2018-04-01 16:43:18 for 3120,17872->starting 2018-04-01 16:43:19 for 104,
16:45~16:50,5,5356.4,27509->starting 2018-04-01 16:45:40 for 52,18237->starting 2018-04-01 16:46:31 for 195,25703->starting 2018-04-01 16:46:38 for 7,25147->starting 2018-04-01 16:48:08 for 13090,18698->starting 2018-04-01 16:48:53 for 13438,
16:50~16:55,3,6572.0,26082->starting 2018-04-01 16:51:13 for 17879,22005->starting 2018-04-01 16:52:50 for 63,21295->starting 2018-04-01 16:54:40 for 1774,
16:55~16:60,4,6623.25,16404->starting 2018-04-01 16:55:07 for 12772,21185->starting 2018-04-01 16:55:27 for 231,28343->starting 2018-04-01 16:56:36 for 375,28049->starting 2018-04-01 16:57:35 for 13115,
17:0~17:5,37,4502.675675675676,23861->starting 2018-04-01 17:11:12 for 818,27362->starting 2018-04-01 17:12:09 for 13003,30111->starting 2018-04-01 17:13:44 for 2151,10358->starting 2018-04-01 17:15:34 for 61,15107->starting 2018-04-01 17:16:35 for 162,17209->starting 2018-04-01 17:16:36 for 9443,15684->starting 2018-04-01 17:17:19 for 13252,17572->starting 2018-04-01 17:20:32 for 2569,23612->starting 2018-04-01 17:24:08 for 165,22002->starting 2018-04-01 17:24:59 for 2789,27512->starting 2018-04-01 17:27:17 for 23,21906->starting 2018-04-01 17:28:20 for 2853,16302->starting 2018-04-01 17:29:14 for 13143,15107->starting 2018-04-01 17:29:41 for 13159,30127->starting 2018-04-01 17:30:20 for 13151,11350->starting 2018-04-01 17:30:39 for 2276,16514->starting 2018-04-01 17:31:28 for 117,25055->starting 2018-04-01 17:33:03 for 207,18888->starting 2018-04-01 17:35:36 for 242,28226->starting 2018-04-01 17:35:41 for 13142,17667->starting 2018-04-01 17:35:52 for 2863,13509->starting 2018-04-01 17:37:30 for 2860,17943->starting 2018-04-01 17:39:04 for 217,21979->starting 2018-04-01 17:39:08 for 4731,13521->starting 2018-04-01 17:40:44 for 371,23526->starting 2018-04-01 17:41:13 for 752,11447->starting 2018-04-01 17:42:34 for 240,16578->starting 2018-04-01 17:45:57 for 110,25641->starting 2018-04-01 17:46:32 for 399,16059->starting 2018-04-01 17:47:01 for 13033,26721->starting 2018-04-01 17:50:39 for 13450,20320->starting 2018-04-01 17:51:19 for 4035,13169->starting 2018-04-01 17:53:05 for 243,25619->starting 2018-04-01 17:55:38 for 12550,17073->starting 2018-04-01 17:56:15 for 4276,18703->starting 2018-04-01 17:58:39 for 215,24010->starting 2018-04-01 17:59:42 for 3528,
17:5~17:10,0,
17:10~17:15,3,5324.0,23861->starting 2018-04-01 17:11:12 for 818,27362->starting 2018-04-01 17:12:09 for 13003,30111->starting 2018-04-01 17:13:44 for 2151,
17:15~17:20,4,5729.5,10358->starting 2018-04-01 17:15:34 for 61,15107->starting 2018-04-01 17:16:35 for 162,17209->starting 2018-04-01 17:16:36 for 9443,15684->starting 2018-04-01 17:17:19 for 13252,
17:20~17:25,3,1841.0,17572->starting 2018-04-01 17:20:32 for 2569,23612->starting 2018-04-01 17:24:08 for 165,22002->starting 2018-04-01 17:24:59 for 2789,
17:25~17:30,4,7294.5,27512->starting 2018-04-01 17:27:17 for 23,21906->starting 2018-04-01 17:28:20 for 2853,16302->starting 2018-04-01 17:29:14 for 13143,15107->starting 2018-04-01 17:29:41 for 13159,
17:30~17:35,4,3937.75,30127->starting 2018-04-01 17:30:20 for 13151,11350->starting 2018-04-01 17:30:39 for 2276,16514->starting 2018-04-01 17:31:28 for 117,25055->starting 2018-04-01 17:33:03 for 207,
17:35~17:40,6,4009.1666666666665,18888->starting 2018-04-01 17:35:36 for 242,28226->starting 2018-04-01 17:35:41 for 13142,17667->starting 2018-04-01 17:35:52 for 2863,13509->starting 2018-04-01 17:37:30 for 2860,17943->starting 2018-04-01 17:39:04 for 217,21979->starting 2018-04-01 17:39:08 for 4731,
17:40~17:45,3,454.3333333333333,13521->starting 2018-04-01 17:40:44 for 371,23526->starting 2018-04-01 17:41:13 for 752,11447->starting 2018-04-01 17:42:34 for 240,
17:45~17:50,3,4514.0,16578->starting 2018-04-01 17:45:57 for 110,25641->starting 2018-04-01 17:46:32 for 399,16059->starting 2018-04-01 17:47:01 for 13033,
17:50~17:55,3,5909.333333333333,26721->starting 2018-04-01 17:50:39 for 13450,20320->starting 2018-04-01 17:51:19 for 4035,13169->starting 2018-04-01 17:53:05 for 243,
17:55~17:60,4,5142.25,25619->starting 2018-04-01 17:55:38 for 12550,17073->starting 2018-04-01 17:56:15 for 4276,18703->starting 2018-04-01 17:58:39 for 215,24010->starting 2018-04-01 17:59:42 for 3528,
18:0~18:5,34,6339.764705882353,17378->starting 2018-04-01 18:10:59 for 3457,21477->starting 2018-04-01 18:11:00 for 3691,15225->starting 2018-04-01 18:11:38 for 21,20913->starting 2018-04-01 18:13:00 for 3793,13356->starting 2018-04-01 18:24:20 for 2925,10895->starting 2018-04-01 18:24:38 for 4222,11620->starting 2018-04-01 18:28:35 for 3272,27978->starting 2018-04-01 18:29:41 for 508,30123->starting 2018-04-01 18:29:58 for 3640,20865->starting 2018-04-01 18:30:39 for 2413,20691->starting 2018-04-01 18:32:01 for 2948,20478->starting 2018-04-01 18:33:51 for 285,17828->starting 2018-04-01 18:34:04 for 549,26143->starting 2018-04-01 18:35:39 for 12827,27287->starting 2018-04-01 18:36:19 for 2249,25703->starting 2018-04-01 18:38:36 for 13147,20686->starting 2018-04-01 18:41:27 for 3253,25562->starting 2018-04-01 18:45:58 for 12755,14178->starting 2018-04-01 18:46:02 for 14696,30012->starting 2018-04-01 18:46:35 for 13809,21444->starting 2018-04-01 18:46:36 for 110,30130->starting 2018-04-01 18:46:41 for 1416,10939->starting 2018-04-01 18:47:14 for 15052,13556->starting 2018-04-01 18:47:49 for 13817,21011->starting 2018-04-01 18:48:08 for 2790,11521->starting 2018-04-01 18:49:05 for 3515,28033->starting 2018-04-01 18:53:40 for 13551,15039->starting 2018-04-01 18:56:53 for 14333,15398->starting 2018-04-01 18:56:56 for 3294,21559->starting 2018-04-01 18:57:00 for 415,26820->starting 2018-04-01 18:57:01 for 14116,18016->starting 2018-04-01 18:57:36 for 1584,27512->starting 2018-04-01 18:57:56 for 13148,26798->starting 2018-04-01 18:59:00 for 13951,
18:5~18:10,0,
18:10~18:15,4,2740.5,17378->starting 2018-04-01 18:10:59 for 3457,21477->starting 2018-04-01 18:11:00 for 3691,15225->starting 2018-04-01 18:11:38 for 21,20913->starting 2018-04-01 18:13:00 for 3793,
18:15~18:20,0,
18:20~18:25,2,3573.5,13356->starting 2018-04-01 18:24:20 for 2925,10895->starting 2018-04-01 18:24:38 for 4222,
18:25~18:30,3,2473.3333333333335,11620->starting 2018-04-01 18:28:35 for 3272,27978->starting 2018-04-01 18:29:41 for 508,30123->starting 2018-04-01 18:29:58 for 3640,
18:30~18:35,4,1548.75,20865->starting 2018-04-01 18:30:39 for 2413,20691->starting 2018-04-01 18:32:01 for 2948,20478->starting 2018-04-01 18:33:51 for 285,17828->starting 2018-04-01 18:34:04 for 549,
18:35~18:40,3,9407.666666666666,26143->starting 2018-04-01 18:35:39 for 12827,27287->starting 2018-04-01 18:36:19 for 2249,25703->starting 2018-04-01 18:38:36 for 13147,
18:40~18:45,1,3253.0,20686->starting 2018-04-01 18:41:27 for 3253,
18:45~18:50,9,8662.222222222223,25562->starting 2018-04-01 18:45:58 for 12755,14178->starting 2018-04-01 18:46:02 for 14696,30012->starting 2018-04-01 18:46:35 for 13809,21444->starting 2018-04-01 18:46:36 for 110,30130->starting 2018-04-01 18:46:41 for 1416,10939->starting 2018-04-01 18:47:14 for 15052,13556->starting 2018-04-01 18:47:49 for 13817,21011->starting 2018-04-01 18:48:08 for 2790,11521->starting 2018-04-01 18:49:05 for 3515,
18:50~18:55,1,13551.0,28033->starting 2018-04-01 18:53:40 for 13551,
18:55~18:60,7,8691.57142857143,15039->starting 2018-04-01 18:56:53 for 14333,15398->starting 2018-04-01 18:56:56 for 3294,21559->starting 2018-04-01 18:57:00 for 415,26820->starting 2018-04-01 18:57:01 for 14116,18016->starting 2018-04-01 18:57:36 for 1584,27512->starting 2018-04-01 18:57:56 for 13148,26798->starting 2018-04-01 18:59:00 for 13951,
19:0~19:5,29,3662.4827586206898,22052->starting 2018-04-01 19:10:39 for 2994,28194->starting 2018-04-01 19:11:38 for 2545,13766->starting 2018-04-01 19:11:50 for 14147,20209->starting 2018-04-01 19:20:07 for 2335,25429->starting 2018-04-01 19:20:51 for 2502,17974->starting 2018-04-01 19:21:12 for 673,21572->starting 2018-04-01 19:22:50 for 171,26638->starting 2018-04-01 19:24:00 for 14745,10372->starting 2018-04-01 19:24:12 for 2226,25448->starting 2018-04-01 19:26:35 for 3487,15184->starting 2018-04-01 19:26:49 for 42,28032->starting 2018-04-01 19:27:35 for 23,13421->starting 2018-04-01 19:28:59 for 341,14387->starting 2018-04-01 19:30:12 for 14617,11734->starting 2018-04-01 19:31:20 for 656,11704->starting 2018-04-01 19:36:26 for 2946,11339->starting 2018-04-01 19:37:58 for 2609,20932->starting 2018-04-01 19:38:13 for 3425,11045->starting 2018-04-01 19:38:34 for 2007,21808->starting 2018-04-01 19:39:04 for 2753,11876->starting 2018-04-01 19:42:59 for 3465,18785->starting 2018-04-01 19:45:45 for 11514,21758->starting 2018-04-01 19:46:43 for 1733,13652->starting 2018-04-01 19:47:13 for 463,12939->starting 2018-04-01 19:50:30 for 833,21522->starting 2018-04-01 19:50:46 for 3478,21688->starting 2018-04-01 19:51:51 for 3464,21317->starting 2018-04-01 19:55:49 for 3380,25103->starting 2018-04-01 19:56:38 for 2638,
19:5~19:10,0,
19:10~19:15,3,6562.0,22052->starting 2018-04-01 19:10:39 for 2994,28194->starting 2018-04-01 19:11:38 for 2545,13766->starting 2018-04-01 19:11:50 for 14147,
19:15~19:20,0,
19:20~19:25,6,3775.3333333333335,20209->starting 2018-04-01 19:20:07 for 2335,25429->starting 2018-04-01 19:20:51 for 2502,17974->starting 2018-04-01 19:21:12 for 673,21572->starting 2018-04-01 19:22:50 for 171,26638->starting 2018-04-01 19:24:00 for 14745,10372->starting 2018-04-01 19:24:12 for 2226,
19:25~19:30,4,973.25,25448->starting 2018-04-01 19:26:35 for 3487,15184->starting 2018-04-01 19:26:49 for 42,28032->starting 2018-04-01 19:27:35 for 23,13421->starting 2018-04-01 19:28:59 for 341,
19:30~19:35,2,7636.5,14387->starting 2018-04-01 19:30:12 for 14617,11734->starting 2018-04-01 19:31:20 for 656,
19:35~19:40,5,2748.0,11704->starting 2018-04-01 19:36:26 for 2946,11339->starting 2018-04-01 19:37:58 for 2609,20932->starting 2018-04-01 19:38:13 for 3425,11045->starting 2018-04-01 19:38:34 for 2007,21808->starting 2018-04-01 19:39:04 for 2753,
19:40~19:45,1,3465.0,11876->starting 2018-04-01 19:42:59 for 3465,
19:45~19:50,3,4570.0,18785->starting 2018-04-01 19:45:45 for 11514,21758->starting 2018-04-01 19:46:43 for 1733,13652->starting 2018-04-01 19:47:13 for 463,
19:50~19:55,3,2591.6666666666665,12939->starting 2018-04-01 19:50:30 for 833,21522->starting 2018-04-01 19:50:46 for 3478,21688->starting 2018-04-01 19:51:51 for 3464,
19:55~19:60,2,3009.0,21317->starting 2018-04-01 19:55:49 for 3380,25103->starting 2018-04-01 19:56:38 for 2638,
20:0~20:5,17,2006.8823529411766,16856->starting 2018-04-01 20:11:00 for 582,22093->starting 2018-04-01 20:14:51 for 4695,17242->starting 2018-04-01 20:23:13 for 4001,11734->starting 2018-04-01 20:23:52 for 3000,28562->starting 2018-04-01 20:31:08 for 148,20657->starting 2018-04-01 20:35:02 for 4777,14123->starting 2018-04-01 20:35:36 for 3479,20122->starting 2018-04-01 20:36:56 for 3935,12789->starting 2018-04-01 20:38:16 for 1771,28221->starting 2018-04-01 20:46:35 for 59,13762->starting 2018-04-01 20:46:58 for 3221,18306->starting 2018-04-01 20:50:32 for 5,28194->starting 2018-04-01 20:50:33 for 1064,17160->starting 2018-04-01 20:50:36 for 80,11652->starting 2018-04-01 20:51:02 for 3238,16884->starting 2018-04-01 20:53:36 for 8,21307->starting 2018-04-01 20:56:48 for 54,
20:5~20:10,0,
20:10~20:15,2,2638.5,16856->starting 2018-04-01 20:11:00 for 582,22093->starting 2018-04-01 20:14:51 for 4695,
20:15~20:20,0,
20:20~20:25,2,3500.5,17242->starting 2018-04-01 20:23:13 for 4001,11734->starting 2018-04-01 20:23:52 for 3000,
20:25~20:30,0,
20:30~20:35,1,148.0,28562->starting 2018-04-01 20:31:08 for 148,
20:35~20:40,4,3490.5,20657->starting 2018-04-01 20:35:02 for 4777,14123->starting 2018-04-01 20:35:36 for 3479,20122->starting 2018-04-01 20:36:56 for 3935,12789->starting 2018-04-01 20:38:16 for 1771,
20:40~20:45,0,
20:45~20:50,2,1640.0,28221->starting 2018-04-01 20:46:35 for 59,13762->starting 2018-04-01 20:46:58 for 3221,
20:50~20:55,5,879.0,18306->starting 2018-04-01 20:50:32 for 5,28194->starting 2018-04-01 20:50:33 for 1064,17160->starting 2018-04-01 20:50:36 for 80,11652->starting 2018-04-01 20:51:02 for 3238,16884->starting 2018-04-01 20:53:36 for 8,
20:55~20:60,1,54.0,21307->starting 2018-04-01 20:56:48 for 54,
21:0~21:5,14,1867.857142857143,15780->starting 2018-04-01 21:11:36 for 1987,12842->starting 2018-04-01 21:17:24 for 80,31005->starting 2018-04-01 21:21:38 for 40,16663->starting 2018-04-01 21:23:01 for 378,16881->starting 2018-04-01 21:25:36 for 3294,21121->starting 2018-04-01 21:28:09 for 1704,27136->starting 2018-04-01 21:39:20 for 238,23425->starting 2018-04-01 21:44:11 for 303,21403->starting 2018-04-01 21:45:11 for 3599,16302->starting 2018-04-01 21:46:08 for 3031,20766->starting 2018-04-01 21:49:35 for 2950,20212->starting 2018-04-01 21:53:24 for 4219,20475->starting 2018-04-01 21:53:30 for 2892,20166->starting 2018-04-01 21:59:35 for 1435,
21:5~21:10,0,
21:10~21:15,1,1987.0,15780->starting 2018-04-01 21:11:36 for 1987,
21:15~21:20,1,80.0,12842->starting 2018-04-01 21:17:24 for 80,
21:20~21:25,2,209.0,31005->starting 2018-04-01 21:21:38 for 40,16663->starting 2018-04-01 21:23:01 for 378,
21:25~21:30,2,2499.0,16881->starting 2018-04-01 21:25:36 for 3294,21121->starting 2018-04-01 21:28:09 for 1704,
21:30~21:35,0,
21:35~21:40,1,238.0,27136->starting 2018-04-01 21:39:20 for 238,
21:40~21:45,1,303.0,23425->starting 2018-04-01 21:44:11 for 303,
21:45~21:50,3,3193.3333333333335,21403->starting 2018-04-01 21:45:11 for 3599,16302->starting 2018-04-01 21:46:08 for 3031,20766->starting 2018-04-01 21:49:35 for 2950,
21:50~21:55,2,3555.5,20212->starting 2018-04-01 21:53:24 for 4219,20475->starting 2018-04-01 21:53:30 for 2892,
21:55~21:60,1,1435.0,20166->starting 2018-04-01 21:59:35 for 1435,
22:0~22:5,5,1116.0,15112->starting 2018-04-01 22:22:08 for 352,16059->starting 2018-04-01 22:24:02 for 1671,16873->starting 2018-04-01 22:42:33 for 61,21903->starting 2018-04-01 22:45:52 for 2769,31005->starting 2018-04-01 22:49:18 for 727,
22:5~22:10,0,
22:10~22:15,0,
22:15~22:20,0,
22:20~22:25,2,1011.5,15112->starting 2018-04-01 22:22:08 for 352,16059->starting 2018-04-01 22:24:02 for 1671,
22:25~22:30,0,
22:30~22:35,0,
22:35~22:40,0,
22:40~22:45,1,61.0,16873->starting 2018-04-01 22:42:33 for 61,
22:45~22:50,2,1748.0,21903->starting 2018-04-01 22:45:52 for 2769,31005->starting 2018-04-01 22:49:18 for 727,
22:50~22:55,0,
22:55~22:60,0,
23:0~23:5,2,135.0,26291->starting 2018-04-01 23:20:02 for 57,31005->starting 2018-04-01 23:46:31 for 213,
23:5~23:10,0,
23:10~23:15,0,
23:15~23:20,0,
23:20~23:25,1,57.0,26291->starting 2018-04-01 23:20:02 for 57,
23:25~23:30,0,
23:30~23:35,0,
23:35~23:40,0,
23:40~23:45,0,
23:45~23:50,1,213.0,31005->starting 2018-04-01 23:46:31 for 213,
23:50~23:55,0,
23:55~23:60,0,
